TANGGAL,Lubuk_Minturun,Nanggalo,Parak_Karakah
2015-01-01,18.0,0.0,11.0
2015-01-02,0.0,0.0,0.0
2015-01-03,0.0,0.0,0.0
2015-01-04,0.0,0.0,0.0
2015-01-05,7.0,2.0,0.0
2015-01-06,0.0,11.0,3.0
2015-01-07,0.0,0.0,0.0
2015-01-08,24.0,0.0,13.0
2015-01-09,50.0,71.0,45.0
2015-01-10,8.0,0.0,6.0
2015-01-11,0.0,0.0,4.0
2015-01-12,0.0,0.0,0.0
2015-01-13,49.0,0.0,0.0
2015-01-14,0.0,0.0,3.0
2015-01-15,0.0,0.0,1.0
2015-01-16,0.0,0.0,0.0
2015-01-17,0.0,0.0,0.0
2015-01-18,55.0,58.0,31.0
2015-01-19,0.0,0.0,0.0
2015-01-20,4.0,1.0,0.0
2015-01-21,9.0,0.0,0.0
2015-01-22,0.0,0.0,0.0
2015-01-23,0.0,2.0,71.0
2015-01-24,52.0,75.0,86.0
2015-01-25,0.0,27.0,20.0
2015-01-26,0.0,0.0,0.0
2015-01-27,0.0,18.0,43.0
2015-01-28,2.0,0.0,2.0
2015-01-29,0.0,0.0,23.0
2015-01-30,0.0,4.0,1.0
2015-01-31,20.0,5.0,4.0
2015-02-01,0.0,2.0,2.0
2015-02-02,0.0,0.0,0.0
2015-02-03,0.0,0.0,0.0
2015-02-04,0.0,0.0,0.0
2015-02-05,0.0,3.0,3.0
2015-02-06,12.0,42.0,41.0
2015-02-07,0.0,0.0,0.0
2015-02-08,0.0,0.0,0.0
2015-02-09,1.0,0.0,0.0
2015-02-10,0.0,3.0,0.0
2015-02-11,0.0,0.0,0.0
2015-02-12,0.0,0.0,0.0
2015-02-13,0.0,0.0,0.0
2015-02-14,0.0,0.0,0.0
2015-02-15,0.0,0.0,0.0
2015-02-16,0.0,0.0,0.0
2015-02-17,0.0,5.0,2.0
2015-02-18,18.0,3.0,4.0
2015-02-19,2.0,117.0,95.0
2015-02-20,111.0,0.0,0.0
2015-02-21,0.0,0.0,0.0
2015-02-22,0.0,0.0,0.0
2015-02-23,0.0,0.0,0.0
2015-02-24,0.0,0.0,0.0
2015-02-25,0.0,0.0,0.0
2015-02-26,15.0,7.0,7.0
2015-02-27,0.0,4.0,0.0
2015-02-28,0.0,0.0,1.0
2015-03-01,,,
2015-03-02,,,
2015-03-03,,,
2015-03-04,,,
2015-03-05,,,
2015-03-06,,,
2015-03-07,,,
2015-03-08,,,
2015-03-09,,,
2015-03-10,,,
2015-03-11,,,
2015-03-12,,,
2015-03-13,,,
2015-03-14,,,
2015-03-15,,,
2015-03-16,,,
2015-03-17,,,
2015-03-18,,,
2015-03-19,,,
2015-03-20,,,
2015-03-21,,,
2015-03-22,,,
2015-03-23,,,
2015-03-24,,,
2015-03-25,,,
2015-03-26,,,
2015-03-27,,,
2015-03-28,,,
2015-03-29,,,
2015-03-30,,,
2015-03-31,,,
2015-04-01,,,
2015-04-02,,,
2015-04-03,,,
2015-04-04,,,
2015-04-05,,,
2015-04-06,,,
2015-04-07,,,
2015-04-08,,,
2015-04-09,,,
2015-04-10,,,
2015-04-11,,,
2015-04-12,,,
2015-04-13,,,
2015-04-14,,,
2015-04-15,,,
2015-04-16,,,
2015-04-17,,,
2015-04-18,,,
2015-04-19,,,
2015-04-20,,,
2015-04-21,,,
2015-04-22,,,
2015-04-23,,,
2015-04-24,,,
2015-04-25,,,
2015-04-26,,,
2015-04-27,,,
2015-04-28,,,
2015-04-29,,,
2015-04-30,,,
2015-05-01,,,
2015-05-02,,,
2015-05-03,,,
2015-05-04,,,
2015-05-05,,,
2015-05-06,,,
2015-05-07,,,
2015-05-08,,,
2015-05-09,,,
2015-05-10,,,
2015-05-11,,,
2015-05-12,,,
2015-05-13,,,
2015-05-14,,,
2015-05-15,,,
2015-05-16,,,
2015-05-17,,,
2015-05-18,,,
2015-05-19,,,
2015-05-20,,,
2015-05-21,,,
2015-05-22,,,
2015-05-23,,,
2015-05-24,,,
2015-05-25,,,
2015-05-26,,,
2015-05-27,,,
2015-05-28,,,
2015-05-29,,,
2015-05-30,,,
2015-05-31,,,
2015-06-01,,,
2015-06-02,,,
2015-06-03,,,
2015-06-04,,,
2015-06-05,,,
2015-06-06,,,
2015-06-07,,,
2015-06-08,,,
2015-06-09,,,
2015-06-10,,,
2015-06-11,,,
2015-06-12,,,
2015-06-13,,,
2015-06-14,,,
2015-06-15,,,
2015-06-16,,,
2015-06-17,,,
2015-06-18,,,
2015-06-19,,,
2015-06-20,,,
2015-06-21,,,
2015-06-22,,,
2015-06-23,,,
2015-06-24,,,
2015-06-25,,,
2015-06-26,,,
2015-06-27,,,
2015-06-28,,,
2015-06-29,,,
2015-06-30,,,
2015-07-01,,,
2015-07-02,,,
2015-07-03,,,
2015-07-04,,,
2015-07-05,,,
2015-07-06,,,
2015-07-07,,,
2015-07-08,,,
2015-07-09,,,
2015-07-10,,,
2015-07-11,,,
2015-07-12,,,
2015-07-13,,,
2015-07-14,,,
2015-07-15,,,
2015-07-16,,,
2015-07-17,,,
2015-07-18,,,
2015-07-19,,,
2015-07-20,,,
2015-07-21,,,
2015-07-22,,,
2015-07-23,,,
2015-07-24,,,
2015-07-25,,,
2015-07-26,,,
2015-07-27,,,
2015-07-28,,,
2015-07-29,,,
2015-07-30,,,
2015-07-31,,,
2015-08-01,,,
2015-08-02,,,
2015-08-03,,,
2015-08-04,,,
2015-08-05,,,
2015-08-06,,,
2015-08-07,,,
2015-08-08,,,
2015-08-09,,,
2015-08-10,,,
2015-08-11,,,
2015-08-12,,,
2015-08-13,,,
2015-08-14,,,
2015-08-15,,,
2015-08-16,,,
2015-08-17,,,
2015-08-18,,,
2015-08-19,,,
2015-08-20,,,
2015-08-21,,,
2015-08-22,,,
2015-08-23,,,
2015-08-24,,,
2015-08-25,,,
2015-08-26,,,
2015-08-27,,,
2015-08-28,,,
2015-08-29,,,
2015-08-30,,,
2015-08-31,,,
2015-09-01,,,
2015-09-02,,,
2015-09-03,,,
2015-09-04,,,
2015-09-05,,,
2015-09-06,,,
2015-09-07,,,
2015-09-08,,,
2015-09-09,,,
2015-09-10,,,
2015-09-11,,,
2015-09-12,,,
2015-09-13,,,
2015-09-14,,,
2015-09-15,,,
2015-09-16,,,
2015-09-17,,,
2015-09-18,,,
2015-09-19,,,
2015-09-20,,,
2015-09-21,,,
2015-09-22,,,
2015-09-23,,,
2015-09-24,,,
2015-09-25,,,
2015-09-26,,,
2015-09-27,,,
2015-09-28,,,
2015-09-29,,,
2015-09-30,,,
2015-10-01,,,
2015-10-02,,,
2015-10-03,,,
2015-10-04,,,
2015-10-05,,,
2015-10-06,,,
2015-10-07,,,
2015-10-08,,,
2015-10-09,,,
2015-10-10,,,
2015-10-11,,,
2015-10-12,,,
2015-10-13,,,
2015-10-14,,,
2015-10-15,,,
2015-10-16,,,
2015-10-17,,,
2015-10-18,,,
2015-10-19,,,
2015-10-20,,,
2015-10-21,,,
2015-10-22,,,
2015-10-23,,,
2015-10-24,,,
2015-10-25,,,
2015-10-26,,,
2015-10-27,,,
2015-10-28,,,
2015-10-29,,,
2015-10-30,,,
2015-10-31,,,
2015-11-01,,,
2015-11-02,,,
2015-11-03,,,
2015-11-04,,,
2015-11-05,,,
2015-11-06,,,
2015-11-07,,,
2015-11-08,,,
2015-11-09,,,
2015-11-10,,,
2015-11-11,,,
2015-11-12,,,
2015-11-13,,,
2015-11-14,,,
2015-11-15,,,
2015-11-16,,,
2015-11-17,,,
2015-11-18,,,
2015-11-19,,,
2015-11-20,,,
2015-11-21,,,
2015-11-22,,,
2015-11-23,,,
2015-11-24,,,
2015-11-25,,,
2015-11-26,,,
2015-11-27,,,
2015-11-28,,,
2015-11-29,,,
2015-11-30,,,
2015-12-01,,,
2015-12-02,,,
2015-12-03,,,
2015-12-04,,,
2015-12-05,,,
2015-12-06,,,
2015-12-07,,,
2015-12-08,,,
2015-12-09,,,
2015-12-10,,,
2015-12-11,,,
2015-12-12,,,
2015-12-13,,,
2015-12-14,,,
2015-12-15,,,
2015-12-16,,,
2015-12-17,,,
2015-12-18,,,
2015-12-19,,,
2015-12-20,,,
2015-12-21,,,
2015-12-22,,,
2015-12-23,,,
2015-12-24,,,
2015-12-25,,,
2015-12-26,,,
2015-12-27,,,
2015-12-28,,,
2015-12-29,,,
2015-12-30,,,
2015-12-31,,,
2016-01-01,,,
2016-01-02,,,
2016-01-03,,,
2016-01-04,,,
2016-01-05,,,
2016-01-06,,,
2016-01-07,,,
2016-01-08,,,
2016-01-09,,,
2016-01-10,,,
2016-01-11,,,
2016-01-12,,,
2016-01-13,,,
2016-01-14,,,
2016-01-15,,,
2016-01-16,,,
2016-01-17,,,
2016-01-18,,,
2016-01-19,,,
2016-01-20,,,
2016-01-21,,,
2016-01-22,,,
2016-01-23,,,
2016-01-24,,,
2016-01-25,,,
2016-01-26,,,
2016-01-27,,,
2016-01-28,,,
2016-01-29,,,
2016-01-30,,,
2016-01-31,,,
2016-02-01,,,
2016-02-02,,,
2016-02-03,,,
2016-02-04,,,
2016-02-05,,,
2016-02-06,,,
2016-02-07,,,
2016-02-08,,,
2016-02-09,,,
2016-02-10,,,
2016-02-11,,,
2016-02-12,,,
2016-02-13,,,
2016-02-14,,,
2016-02-15,,,
2016-02-16,,,
2016-02-17,,,
2016-02-18,,,
2016-02-19,,,
2016-02-20,,,
2016-02-21,,,
2016-02-22,,,
2016-02-23,,,
2016-02-24,,,
2016-02-25,,,
2016-02-26,,,
2016-02-27,,,
2016-02-28,,,
2016-02-29,,,
2016-03-01,,,
2016-03-02,,,
2016-03-03,,,
2016-03-04,,,
2016-03-05,,,
2016-03-06,,,
2016-03-07,,,
2016-03-08,,,
2016-03-09,,,
2016-03-10,,,
2016-03-11,,,
2016-03-12,,,
2016-03-13,,,
2016-03-14,,,
2016-03-15,,,
2016-03-16,,,
2016-03-17,,,
2016-03-18,,,
2016-03-19,,,
2016-03-20,,,
2016-03-21,,,
2016-03-22,,,
2016-03-23,,,
2016-03-24,,,
2016-03-25,,,
2016-03-26,,,
2016-03-27,,,
2016-03-28,,,
2016-03-29,,,
2016-03-30,,,
2016-03-31,,,
2016-04-01,,,
2016-04-02,,,
2016-04-03,,,
2016-04-04,,,
2016-04-05,,,
2016-04-06,,,
2016-04-07,,,
2016-04-08,,,
2016-04-09,,,
2016-04-10,,,
2016-04-11,,,
2016-04-12,,,
2016-04-13,,,
2016-04-14,,,
2016-04-15,,,
2016-04-16,,,
2016-04-17,,,
2016-04-18,,,
2016-04-19,,,
2016-04-20,,,
2016-04-21,,,
2016-04-22,,,
2016-04-23,,,
2016-04-24,,,
2016-04-25,,,
2016-04-26,,,
2016-04-27,,,
2016-04-28,,,
2016-04-29,,,
2016-04-30,,,
2016-05-01,,,
2016-05-02,,,
2016-05-03,,,
2016-05-04,,,
2016-05-05,,,
2016-05-06,,,
2016-05-07,,,
2016-05-08,,,
2016-05-09,,,
2016-05-10,,,
2016-05-11,,,
2016-05-12,,,
2016-05-13,,,
2016-05-14,,,
2016-05-15,,,
2016-05-16,,,
2016-05-17,,,
2016-05-18,,,
2016-05-19,,,
2016-05-20,,,
2016-05-21,,,
2016-05-22,,,
2016-05-23,,,
2016-05-24,,,
2016-05-25,,,
2016-05-26,,,
2016-05-27,,,
2016-05-28,,,
2016-05-29,,,
2016-05-30,,,
2016-05-31,,,
2016-06-01,,,
2016-06-02,,,
2016-06-03,,,
2016-06-04,,,
2016-06-05,,,
2016-06-06,,,
2016-06-07,,,
2016-06-08,,,
2016-06-09,,,
2016-06-10,,,
2016-06-11,,,
2016-06-12,,,
2016-06-13,,,
2016-06-14,,,
2016-06-15,,,
2016-06-16,,,
2016-06-17,,,
2016-06-18,,,
2016-06-19,,,
2016-06-20,,,
2016-06-21,,,
2016-06-22,,,
2016-06-23,,,
2016-06-24,,,
2016-06-25,,,
2016-06-26,,,
2016-06-27,,,
2016-06-28,,,
2016-06-29,,,
2016-06-30,,,
2016-07-01,,,
2016-07-02,,,
2016-07-03,,,
2016-07-04,,,
2016-07-05,,,
2016-07-06,,,
2016-07-07,,,
2016-07-08,,,
2016-07-09,,,
2016-07-10,,,
2016-07-11,,,
2016-07-12,,,
2016-07-13,,,
2016-07-14,,,
2016-07-15,,,
2016-07-16,,,
2016-07-17,,,
2016-07-18,,,
2016-07-19,,,
2016-07-20,,,
2016-07-21,,,
2016-07-22,,,
2016-07-23,,,
2016-07-24,,,
2016-07-25,,,
2016-07-26,,,
2016-07-27,,,
2016-07-28,,,
2016-07-29,,,
2016-07-30,,,
2016-07-31,,,
2016-08-01,,,
2016-08-02,,,
2016-08-03,,,
2016-08-04,,,
2016-08-05,,,
2016-08-06,,,
2016-08-07,,,
2016-08-08,,,
2016-08-09,,,
2016-08-10,,,
2016-08-11,,,
2016-08-12,,,
2016-08-13,,,
2016-08-14,,,
2016-08-15,,,
2016-08-16,,,
2016-08-17,,,
2016-08-18,,,
2016-08-19,,,
2016-08-20,,,
2016-08-21,,,
2016-08-22,,,
2016-08-23,,,
2016-08-24,,,
2016-08-25,,,
2016-08-26,,,
2016-08-27,,,
2016-08-28,,,
2016-08-29,,,
2016-08-30,,,
2016-08-31,,,
2016-09-01,,,
2016-09-02,,,
2016-09-03,,,
2016-09-04,,,
2016-09-05,,,
2016-09-06,,,
2016-09-07,,,
2016-09-08,,,
2016-09-09,,,
2016-09-10,,,
2016-09-11,,,
2016-09-12,,,
2016-09-13,,,
2016-09-14,,,
2016-09-15,,,
2016-09-16,,,
2016-09-17,,,
2016-09-18,,,
2016-09-19,,,
2016-09-20,,,
2016-09-21,,,
2016-09-22,,,
2016-09-23,,,
2016-09-24,,,
2016-09-25,,,
2016-09-26,,,
2016-09-27,,,
2016-09-28,,,
2016-09-29,,,
2016-09-30,,,
2016-10-01,,,
2016-10-02,,,
2016-10-03,,,
2016-10-04,,,
2016-10-05,,,
2016-10-06,,,
2016-10-07,,,
2016-10-08,,,
2016-10-09,,,
2016-10-10,,,
2016-10-11,,,
2016-10-12,,,
2016-10-13,,,
2016-10-14,,,
2016-10-15,,,
2016-10-16,,,
2016-10-17,,,
2016-10-18,,,
2016-10-19,,,
2016-10-20,,,
2016-10-21,,,
2016-10-22,,,
2016-10-23,,,
2016-10-24,,,
2016-10-25,,,
2016-10-26,,,
2016-10-27,,,
2016-10-28,,,
2016-10-29,,,
2016-10-30,,,
2016-10-31,,,
2016-11-01,,,
2016-11-02,,,
2016-11-03,,,
2016-11-04,,,
2016-11-05,,,
2016-11-06,,,
2016-11-07,,,
2016-11-08,,,
2016-11-09,,,
2016-11-10,,,
2016-11-11,,,
2016-11-12,,,
2016-11-13,,,
2016-11-14,,,
2016-11-15,,,
2016-11-16,,,
2016-11-17,,,
2016-11-18,,,
2016-11-19,,,
2016-11-20,,,
2016-11-21,,,
2016-11-22,,,
2016-11-23,,,
2016-11-24,,,
2016-11-25,,,
2016-11-26,,,
2016-11-27,,,
2016-11-28,,,
2016-11-29,,,
2016-11-30,,,
2016-12-01,,,
2016-12-02,,,
2016-12-03,,,
2016-12-04,,,
2016-12-05,,,
2016-12-06,,,
2016-12-07,,,
2016-12-08,,,
2016-12-09,,,
2016-12-10,,,
2016-12-11,,,
2016-12-12,,,
2016-12-13,,,
2016-12-14,,,
2016-12-15,,,
2016-12-16,,,
2016-12-17,,,
2016-12-18,,,
2016-12-19,,,
2016-12-20,,,
2016-12-21,,,
2016-12-22,,,
2016-12-23,,,
2016-12-24,,,
2016-12-25,,,
2016-12-26,,,
2016-12-27,,,
2016-12-28,,,
2016-12-29,,,
2016-12-30,,,
2016-12-31,,,
2017-01-01,0.0,0.0,0.0
2017-01-02,19.5,31.0,15.0
2017-01-03,38.5,31.0,22.0
2017-01-04,51.0,46.0,57.0
2017-01-05,78.0,96.0,83.5
2017-01-06,68.0,48.0,40.8
2017-01-07,21.5,26.0,29.0
2017-01-08,0.0,0.0,0.0
2017-01-09,0.0,0.0,0.5
2017-01-10,0.0,0.0,1.0
2017-01-11,4.0,3.0,1.7
2017-01-12,1.0,3.0,3.5
2017-01-13,14.1,29.0,20.0
2017-01-14,73.5,0.0,0.0
2017-01-15,21.5,0.0,0.0
2017-01-16,0.0,51.0,34.4
2017-01-17,0.0,0.0,0.0
2017-01-18,0.0,0.0,0.0
2017-01-19,0.0,0.0,0.0
2017-01-20,0.0,0.0,0.0
2017-01-21,0.0,0.0,0.0
2017-01-22,0.0,0.0,0.0
2017-01-23,41.0,9.5,7.5
2017-01-24,0.0,0.0,0.0
2017-01-25,0.0,0.0,0.0
2017-01-26,0.0,0.0,0.0
2017-01-27,0.0,0.0,0.0
2017-01-28,5.0,0.0,3.8
2017-01-29,35.0,73.0,27.5
2017-01-30,1.0,2.5,5.5
2017-01-31,5.0,5.0,4.7
2017-02-01,62.0,133.0,69.7
2017-02-02,4.0,0.0,3.8
2017-02-03,0.0,0.0,0.0
2017-02-04,0.0,0.0,0.0
2017-02-05,0.0,0.0,0.0
2017-02-06,0.0,0.0,0.0
2017-02-07,17.0,5.5,16.0
2017-02-08,16.0,6.0,9.8
2017-02-09,70.5,24.0,20.0
2017-02-10,1.0,4.0,5.0
2017-02-11,0.0,0.0,0.0
2017-02-12,0.0,0.0,0.0
2017-02-13,0.0,0.0,0.0
2017-02-14,0.0,0.0,0.0
2017-02-15,0.0,0.0,0.8
2017-02-16,0.0,0.0,0.0
2017-02-17,0.0,0.0,0.0
2017-02-18,0.0,0.0,0.0
2017-02-19,0.0,0.0,0.0
2017-02-20,56.5,24.0,0.0
2017-02-21,12.0,33.0,63.0
2017-02-22,0.0,0.0,0.0
2017-02-23,6.5,4.0,5.0
2017-02-24,10.0,10.0,17.0
2017-02-25,2.0,0.0,0.0
2017-02-26,0.0,0.0,0.0
2017-02-27,0.0,3.0,5.8
2017-02-28,13.5,10.0,4.0
2017-03-01,77.0,96.0,54.0
2017-03-02,3.0,0.0,0.8
2017-03-03,9.0,6.0,24.0
2017-03-04,0.0,5.0,2.5
2017-03-05,0.0,0.0,1.2
2017-03-06,51.0,24.5,36.3
2017-03-07,92.0,82.0,88.3
2017-03-08,0.0,0.0,0.0
2017-03-09,0.0,0.0,0.0
2017-03-10,0.0,0.0,0.0
2017-03-11,5.0,8.3,12.0
2017-03-12,12.0,3.0,6.8
2017-03-13,0.0,0.0,0.0
2017-03-14,0.0,0.0,0.0
2017-03-15,0.0,0.0,2.0
2017-03-16,0.0,0.0,0.0
2017-03-17,0.0,0.0,0.0
2017-03-18,0.0,0.0,0.0
2017-03-19,12.0,0.0,0.0
2017-03-20,0.0,0.0,0.0
2017-03-21,0.0,0.0,2.0
2017-03-22,0.0,0.0,0.8
2017-03-23,0.0,0.0,0.0
2017-03-24,0.0,0.0,0.0
2017-03-25,0.0,0.0,0.0
2017-03-26,0.0,0.0,0.0
2017-03-27,59.0,77.0,71.5
2017-03-28,119.0,121.0,61.0
2017-03-29,0.0,0.0,3.7
2017-03-30,0.0,0.0,0.0
2017-03-31,0.0,0.0,0.0
2017-04-01,0.0,0.0,0.0
2017-04-02,17.5,18.0,25.2
2017-04-03,1.0,0.0,0.0
2017-04-04,28.0,0.0,0.0
2017-04-05,61.0,16.0,15.7
2017-04-06,30.5,61.0,40.3
2017-04-07,23.0,73.0,33.0
2017-04-08,0.0,8.0,20.2
2017-04-09,0.0,18.0,6.5
2017-04-10,23.5,16.0,15.0
2017-04-11,20.0,10.0,17.5
2017-04-12,6.0,12.0,0.0
2017-04-13,0.0,0.0,8.5
2017-04-14,2.0,6.0,0.0
2017-04-15,33.0,6.0,9.0
2017-04-16,10.0,5.0,12.8
2017-04-17,0.0,0.0,0.0
2017-04-18,1.0,0.0,13.7
2017-04-19,1.5,1.0,0.0
2017-04-20,0.0,0.0,0.0
2017-04-21,4.5,0.0,3.0
2017-04-22,2.0,0.0,0.0
2017-04-23,0.0,0.0,0.0
2017-04-24,0.0,0.0,0.0
2017-04-25,0.0,3.0,0.0
2017-04-26,10.0,3.5,7.0
2017-04-27,65.0,11.0,36.3
2017-04-28,1.0,36.0,6.2
2017-04-29,87.0,59.0,62.0
2017-04-30,0.0,0.0,0.0
2017-05-01,0.0,0.0,0.0
2017-05-02,42.0,9.5,15.5
2017-05-03,2.0,3.0,3.0
2017-05-04,11.0,1.0,7.5
2017-05-05,9.0,4.0,5.0
2017-05-06,25.0,11.0,40.0
2017-05-07,0.0,0.0,0.0
2017-05-08,0.0,0.0,0.0
2017-05-09,0.0,0.0,0.0
2017-05-10,0.0,0.0,0.0
2017-05-11,10.5,4.5,0.0
2017-05-12,0.0,1.5,2.3
2017-05-13,5.0,9.8,7.2
2017-05-14,0.0,4.0,5.6
2017-05-15,2.5,0.0,0.0
2017-05-16,0.0,0.0,1.0
2017-05-17,18.5,0.0,0.0
2017-05-18,0.0,14.0,2.9
2017-05-19,14.0,19.0,25.0
2017-05-20,65.0,133.0,130.0
2017-05-21,85.0,71.0,93.5
2017-05-22,0.0,0.0,19.8
2017-05-23,0.0,0.0,1.2
2017-05-24,0.0,0.0,0.0
2017-05-25,5.0,4.0,0.0
2017-05-26,0.0,0.0,0.0
2017-05-27,0.0,0.0,0.0
2017-05-28,1.0,7.0,3.3
2017-05-29,0.0,0.0,0.0
2017-05-30,0.0,0.0,0.0
2017-05-31,59.0,137.0,252.0
2017-06-01,17.0,19.0,24.7
2017-06-02,0.0,0.0,0.0
2017-06-03,0.0,0.0,0.0
2017-06-04,0.0,0.0,0.0
2017-06-05,0.0,0.0,0.0
2017-06-06,0.0,0.0,0.0
2017-06-07,0.0,0.0,1.0
2017-06-08,0.0,0.0,0.0
2017-06-09,0.0,0.0,0.0
2017-06-10,0.0,0.0,0.0
2017-06-11,0.0,0.0,0.0
2017-06-12,12.0,0.0,0.0
2017-06-13,0.0,0.0,5.4
2017-06-14,0.0,0.0,0.0
2017-06-15,0.0,0.0,0.0
2017-06-16,0.0,0.0,0.0
2017-06-17,0.0,0.0,0.0
2017-06-18,110.0,37.0,58.3
2017-06-19,0.0,0.0,0.0
2017-06-20,0.0,0.0,0.0
2017-06-21,0.0,0.0,0.0
2017-06-22,0.0,0.0,0.0
2017-06-23,2.0,9.0,4.0
2017-06-24,0.0,0.0,0.0
2017-06-25,20.0,0.0,0.0
2017-06-26,25.0,16.0,36.3
2017-06-27,68.0,9.0,7.8
2017-06-28,0.0,4.0,5.5
2017-06-29,0.0,34.0,32.7
2017-06-30,0.0,1.0,0.8
2017-07-01,0.0,0.0,0.0
2017-07-02,0.0,0.0,0.0
2017-07-03,46.0,56.0,58.0
2017-07-04,0.0,0.0,0.0
2017-07-05,17.0,52.0,41.6
2017-07-06,1.0,1.0,3.2
2017-07-07,11.0,53.0,48.0
2017-07-08,101.0,46.5,53.6
2017-07-09,15.0,1.0,0.0
2017-07-10,0.0,0.0,0.0
2017-07-11,2.0,0.0,6.0
2017-07-12,40.0,75.0,32.2
2017-07-13,6.0,1.0,1.6
2017-07-14,0.0,0.0,0.0
2017-07-15,2.5,4.7,3.5
2017-07-16,2.0,16.0,2.2
2017-07-17,0.0,0.0,0.0
2017-07-18,0.0,0.0,0.0
2017-07-19,0.0,0.0,0.0
2017-07-20,0.0,0.0,0.0
2017-07-21,0.0,0.0,0.0
2017-07-22,0.0,0.0,0.0
2017-07-23,0.0,0.0,0.0
2017-07-24,0.0,0.0,0.0
2017-07-25,0.0,0.0,0.0
2017-07-26,10.0,0.0,0.5
2017-07-27,8.0,10.0,46.7
2017-07-28,9.0,3.0,0.5
2017-07-29,27.0,67.7,54.0
2017-07-30,0.0,0.0,0.0
2017-07-31,0.0,0.0,0.0
2017-08-01,22.0,0.0,74.0
2017-08-02,0.0,5.0,0.0
2017-08-03,0.0,0.0,0.0
2017-08-04,0.0,0.0,1.0
2017-08-05,1.0,3.0,2.0
2017-08-06,33.0,28.0,35.3
2017-08-07,0.0,1.0,2.5
2017-08-08,0.0,5.0,0.0
2017-08-09,1.5,6.0,4.5
2017-08-10,0.0,0.0,0.0
2017-08-11,0.0,0.0,0.0
2017-08-12,11.0,98.0,94.3
2017-08-13,12.0,81.5,74.0
2017-08-14,0.0,19.0,0.0
2017-08-15,32.5,19.5,60.3
2017-08-16,51.0,24.0,33.4
2017-08-17,9.0,5.0,0.0
2017-08-18,0.0,0.0,0.0
2017-08-19,8.0,2.5,2.5
2017-08-20,0.0,0.0,0.0
2017-08-21,137.0,0.0,0.0
2017-08-22,0.0,52.0,40.0
2017-08-23,0.0,0.0,0.0
2017-08-24,7.0,131.0,14.3
2017-08-25,0.0,10.0,32.7
2017-08-26,0.0,0.0,0.0
2017-08-27,0.0,0.0,0.0
2017-08-28,0.0,0.0,0.0
2017-08-29,91.0,29.5,34.5
2017-08-30,0.0,0.0,0.8
2017-08-31,3.0,7.5,0.0
2017-09-01,0.0,0.0,6.2
2017-09-02,0.0,18.0,0.5
2017-09-03,2.0,0.0,0.0
2017-09-04,14.0,36.5,12.2
2017-09-05,7.0,1.0,26.5
2017-09-06,20.0,25.0,19.2
2017-09-07,0.0,3.0,15.4
2017-09-08,0.0,0.0,0.0
2017-09-09,32.0,12.5,6.2
2017-09-10,90.0,169.5,249.3
2017-09-11,0.0,1.0,5.0
2017-09-12,0.0,0.0,0.0
2017-09-13,7.0,25.0,45.5
2017-09-14,0.0,0.0,0.0
2017-09-15,0.0,2.0,2.4
2017-09-16,0.0,3.5,7.0
2017-09-17,16.0,0.0,0.0
2017-09-18,0.0,0.0,0.7
2017-09-19,0.0,5.0,5.0
2017-09-20,38.5,110.0,81.2
2017-09-21,0.0,0.0,90.5
2017-09-22,0.0,1.0,0.0
2017-09-23,4.0,0.0,0.0
2017-09-24,6.0,0.0,0.0
2017-09-25,0.0,2.2,0.0
2017-09-26,46.0,0.0,1.0
2017-09-27,0.0,24.0,18.5
2017-09-28,0.0,0.0,0.0
2017-09-29,2.0,8.0,12.5
2017-09-30,0.0,0.0,0.0
2017-10-01,25.0,34.0,31.0
2017-10-02,5.0,1.0,1.0
2017-10-03,9.0,0.0,0.0
2017-10-04,0.0,9.0,9.0
2017-10-05,31.0,1.0,2.0
2017-10-06,20.0,5.0,2.0
2017-10-07,0.0,32.0,5.0
2017-10-08,0.0,34.0,31.0
2017-10-09,24.0,47.0,31.0
2017-10-10,78.0,152.0,158.0
2017-10-11,52.0,22.0,22.0
2017-10-12,2.0,35.0,4.0
2017-10-13,0.0,0.0,0.0
2017-10-14,0.0,0.0,0.0
2017-10-15,57.0,44.0,0.0
2017-10-16,0.0,0.0,39.0
2017-10-17,0.0,0.0,0.0
2017-10-18,0.0,0.0,0.0
2017-10-19,0.0,0.0,0.0
2017-10-20,0.0,0.0,0.0
2017-10-21,0.0,0.0,0.0
2017-10-22,0.0,0.0,0.0
2017-10-23,0.0,0.0,0.0
2017-10-24,0.0,0.0,0.0
2017-10-25,0.0,0.0,0.0
2017-10-26,0.0,0.0,0.0
2017-10-27,0.0,0.0,0.0
2017-10-28,0.0,0.0,0.0
2017-10-29,20.0,7.0,0.0
2017-10-30,5.0,16.0,17.0
2017-10-31,1.0,14.0,13.0
2017-11-01,0.0,1.0,0.0
2017-11-02,33.0,19.0,25.0
2017-11-03,44.0,47.0,36.0
2017-11-04,6.0,14.0,29.0
2017-11-05,5.0,4.0,4.0
2017-11-06,0.0,0.0,0.0
2017-11-07,68.0,67.0,75.0
2017-11-08,84.0,95.0,103.0
2017-11-09,4.0,4.0,3.0
2017-11-10,4.0,4.0,3.0
2017-11-11,25.0,49.0,38.0
2017-11-12,0.0,2.0,2.0
2017-11-13,29.0,14.0,1.0
2017-11-14,0.0,0.0,0.0
2017-11-15,0.0,0.0,0.0
2017-11-16,0.0,0.0,0.0
2017-11-17,6.0,12.0,1.0
2017-11-18,12.0,40.0,11.0
2017-11-19,47.0,1.0,54.0
2017-11-20,9.0,0.0,1.0
2017-11-21,7.0,18.0,8.0
2017-11-22,5.0,4.0,1.0
2017-11-23,94.0,131.0,111.0
2017-11-24,5.0,10.0,37.0
2017-11-25,0.0,0.0,0.0
2017-11-26,72.0,42.0,37.0
2017-11-27,0.0,15.0,18.0
2017-11-28,76.0,168.0,110.0
2017-11-29,40.0,36.0,34.0
2017-11-30,20.0,17.0,18.0
2017-12-01,20.0,0.0,18.0
2017-12-02,15.0,34.0,4.0
2017-12-03,30.0,43.0,32.0
2017-12-04,25.0,2.0,26.0
2017-12-05,5.0,22.0,10.0
2017-12-06,17.0,8.0,7.0
2017-12-07,0.0,4.0,8.0
2017-12-08,0.0,0.0,0.0
2017-12-09,0.0,0.0,0.0
2017-12-10,22.0,0.0,12.0
2017-12-11,0.0,12.0,0.0
2017-12-12,0.0,9.0,0.0
2017-12-13,1.0,0.0,0.0
2017-12-14,10.0,1.0,7.0
2017-12-15,0.0,9.0,0.0
2017-12-16,0.0,2.0,3.0
2017-12-17,0.0,69.0,50.0
2017-12-18,12.0,0.0,0.0
2017-12-19,40.0,2.0,18.0
2017-12-20,1.0,7.0,7.0
2017-12-21,0.0,0.0,0.0
2017-12-22,0.0,8.0,10.0
2017-12-23,69.0,49.0,45.0
2017-12-24,52.0,2.0,57.0
2017-12-25,9.0,6.0,18.0
2017-12-26,13.0,27.0,71.0
2017-12-27,42.0,25.0,36.0
2017-12-28,0.0,36.0,0.0
2017-12-29,0.0,0.0,0.0
2017-12-30,0.0,0.0,0.0
2017-12-31,14.0,0.0,15.0
2018-01-01,52.0,18.0,11.5
2018-01-02,0.0,5.0,5.2
2018-01-03,32.0,26.0,22.7
2018-01-04,0.0,10.0,7.5
2018-01-05,0.0,5.0,11.2
2018-01-06,0.0,0.0,0.0
2018-01-07,0.0,0.0,0.0
2018-01-08,0.0,3.0,0.0
2018-01-09,15.0,0.0,8.5
2018-01-10,0.0,0.0,0.0
2018-01-11,0.0,0.0,0.0
2018-01-12,0.0,0.0,0.0
2018-01-13,9.0,0.0,5.3
2018-01-14,0.0,4.0,0.0
2018-01-15,0.0,0.0,0.0
2018-01-16,0.0,0.0,1.8
2018-01-17,0.0,0.0,0.0
2018-01-18,0.0,0.0,0.0
2018-01-19,0.0,0.0,0.0
2018-01-20,0.0,0.0,0.0
2018-01-21,12.0,43.0,7.3
2018-01-22,0.0,0.0,1.6
2018-01-23,1.0,1.0,0.0
2018-01-24,10.0,10.0,10.8
2018-01-25,60.0,24.0,21.1
2018-01-26,0.0,0.0,0.0
2018-01-27,0.0,0.0,0.0
2018-01-28,0.0,0.0,0.0
2018-01-29,0.0,0.0,0.0
2018-01-30,0.0,0.0,0.0
2018-01-31,0.0,0.0,0.0
2018-02-01,0.0,0.0,0.0
2018-02-02,0.0,0.0,0.0
2018-02-03,0.0,0.0,0.0
2018-02-04,0.0,0.0,0.0
2018-02-05,0.0,0.0,0.0
2018-02-06,0.0,0.0,0.0
2018-02-07,0.0,0.0,0.0
2018-02-08,18.0,0.0,0.0
2018-02-09,0.0,0.0,0.0
2018-02-10,0.0,0.0,0.0
2018-02-11,48.0,9.0,3.2
2018-02-12,0.0,0.0,0.0
2018-02-13,0.0,0.0,0.0
2018-02-14,0.0,147.0,0.0
2018-02-15,157.0,0.0,214.5
2018-02-16,6.0,0.0,0.0
2018-02-17,4.0,14.0,0.0
2018-02-18,22.0,6.0,12.2
2018-02-19,5.0,6.0,6.2
2018-02-20,89.0,50.0,37.6
2018-02-21,0.0,0.0,0.8
2018-02-22,18.0,0.0,0.0
2018-02-23,7.0,61.0,46.0
2018-02-24,0.0,0.0,0.0
2018-02-25,1.0,0.0,0.0
2018-02-26,69.5,14.0,8.3
2018-02-27,0.0,42.0,0.0
2018-02-28,10.0,3.0,54.3
2018-03-01,0.0,0.0,1.5
2018-03-02,13.0,18.0,9.2
2018-03-03,8.0,0.0,16.5
2018-03-04,0.0,0.0,1.5
2018-03-05,24.0,24.0,4.2
2018-03-06,0.0,5.5,1.3
2018-03-07,48.0,17.0,7.5
2018-03-08,1.5,0.0,2.2
2018-03-09,47.0,9.0,9.0
2018-03-10,18.0,11.5,18.3
2018-03-11,5.0,6.5,13.4
2018-03-12,1.0,11.5,0.0
2018-03-13,0.0,0.0,0.0
2018-03-14,0.0,21.0,9.3
2018-03-15,0.0,6.5,4.3
2018-03-16,16.0,0.0,0.0
2018-03-17,0.0,0.0,0.0
2018-03-18,0.0,0.0,0.0
2018-03-19,3.0,0.0,0.5
2018-03-20,85.0,95.0,45.0
2018-03-21,95.0,81.0,93.0
2018-03-22,0.0,0.0,0.0
2018-03-23,3.0,0.0,2.0
2018-03-24,0.0,0.0,0.0
2018-03-25,2.0,0.0,0.8
2018-03-26,11.0,6.5,8.7
2018-03-27,30.0,39.0,45.5
2018-03-28,0.0,0.0,0.0
2018-03-29,0.0,18.0,0.0
2018-03-30,9.0,71.0,0.0
2018-03-31,47.0,0.0,30.6
2018-04-01,6.0,0.0,0.0
2018-04-02,21.0,0.0,26.5
2018-04-03,0.0,0.0,0.0
2018-04-04,1.5,0.0,0.0
2018-04-05,0.0,0.0,0.0
2018-04-06,24.0,0.0,5.0
2018-04-07,0.0,0.0,0.0
2018-04-08,2.0,0.0,2.3
2018-04-09,0.0,0.0,0.0
2018-04-10,3.0,59.5,33.5
2018-04-11,0.0,0.0,0.0
2018-04-12,0.0,0.0,0.5
2018-04-13,0.0,0.0,0.0
2018-04-14,0.0,0.0,13.5
2018-04-15,0.0,0.0,2.5
2018-04-16,81.0,25.0,52.7
2018-04-17,25.0,19.0,10.3
2018-04-18,13.0,3.0,1.0
2018-04-19,16.0,1.0,9.0
2018-04-20,15.0,56.0,15.5
2018-04-21,0.0,2.0,1.3
2018-04-22,22.0,0.0,1.0
2018-04-23,5.0,41.0,61.3
2018-04-24,20.0,23.0,42.0
2018-04-25,0.0,3.5,20.2
2018-04-26,0.0,0.0,0.0
2018-04-27,10.5,0.0,1.3
2018-04-28,0.0,0.0,0.0
2018-04-29,0.0,0.0,0.0
2018-04-30,0.0,25.0,0.0
2018-05-01,10.5,0.0,2.5
2018-05-02,0.0,0.0,10.3
2018-05-03,0.0,6.0,1.5
2018-05-04,7.0,2.0,1.8
2018-05-05,3.0,1.0,0.0
2018-05-06,5.0,0.0,2.5
2018-05-07,22.0,1.0,5.8
2018-05-08,0.0,0.0,11.5
2018-05-09,0.0,0.0,0.0
2018-05-10,0.0,0.0,0.0
2018-05-11,23.0,0.0,7.0
2018-05-12,29.0,45.0,8.1
2018-05-13,1.0,9.0,6.3
2018-05-14,0.0,0.0,0.5
2018-05-15,11.0,0.0,70.5
2018-05-16,12.0,16.0,10.0
2018-05-17,14.0,8.0,15.0
2018-05-18,0.0,10.0,0.0
2018-05-19,64.0,0.0,20.5
2018-05-20,5.0,64.0,2.5
2018-05-21,0.0,0.0,0.0
2018-05-22,0.0,18.0,3.0
2018-05-23,40.0,6.0,8.3
2018-05-24,3.0,18.0,4.5
2018-05-25,0.0,18.0,0.8
2018-05-26,40.0,18.0,5.2
2018-05-27,0.0,72.0,105.0
2018-05-28,45.0,18.0,21.5
2018-05-29,53.0,18.5,17.0
2018-05-30,0.0,2.0,3.3
2018-05-31,0.0,0.0,0.0
2018-06-01,0.0,0.0,0.0
2018-06-02,0.0,0.0,0.0
2018-06-03,0.0,0.0,0.0
2018-06-04,0.0,0.0,0.0
2018-06-05,0.0,0.0,0.0
2018-06-06,0.0,0.0,0.0
2018-06-07,4.0,0.0,0.0
2018-06-08,0.0,2.0,5.1
2018-06-09,0.0,0.0,0.0
2018-06-10,0.0,0.0,0.0
2018-06-11,0.0,0.0,0.0
2018-06-12,0.0,0.0,0.0
2018-06-13,0.0,0.0,0.0
2018-06-14,2.0,0.0,0.0
2018-06-15,5.0,10.0,9.5
2018-06-16,3.0,1.0,1.0
2018-06-17,1.0,0.0,0.0
2018-06-18,6.0,0.0,0.0
2018-06-19,0.0,6.0,13.7
2018-06-20,0.0,0.0,0.0
2018-06-21,0.0,15.0,1.0
2018-06-22,0.0,0.0,0.0
2018-06-23,13.0,0.0,1.0
2018-06-24,155.0,153.0,112.0
2018-06-25,0.0,0.0,0.0
2018-06-26,12.0,6.0,6.0
2018-06-27,8.0,4.0,3.0
2018-06-28,0.0,0.0,0.0
2018-06-29,0.0,0.0,2.0
2018-06-30,6.0,0.0,1.0
2018-07-01,0.0,0.0,0.0
2018-07-02,0.0,0.0,1.5
2018-07-03,0.0,0.0,1.5
2018-07-04,0.0,14.0,7.3
2018-07-05,0.0,0.0,1.5
2018-07-06,0.0,0.0,0.0
2018-07-07,1.0,0.0,0.0
2018-07-08,0.0,0.0,0.0
2018-07-09,5.0,0.0,0.0
2018-07-10,26.5,0.0,30.2
2018-07-11,8.0,30.0,16.2
2018-07-12,0.0,20.0,0.0
2018-07-13,0.0,0.0,0.0
2018-07-14,1.0,0.0,0.0
2018-07-15,40.0,44.0,4.0
2018-07-16,0.0,0.0,0.0
2018-07-17,0.0,0.0,0.0
2018-07-18,0.0,0.0,0.0
2018-07-19,13.5,23.0,15.3
2018-07-20,6.0,4.0,7.7
2018-07-21,10.0,23.5,25.0
2018-07-22,0.0,0.0,0.0
2018-07-23,0.0,0.0,0.0
2018-07-24,40.5,8.0,0.0
2018-07-25,0.0,0.0,0.0
2018-07-26,0.0,17.0,8.0
2018-07-27,0.0,0.0,0.0
2018-07-28,50.0,16.0,2.3
2018-07-29,0.0,0.0,18.5
2018-07-30,0.0,12.0,2.0
2018-07-31,1.0,4.0,0.0
2018-08-01,0.0,0.0,1.7
2018-08-02,5.0,4.0,1.3
2018-08-03,0.0,0.0,0.0
2018-08-04,0.0,0.0,0.0
2018-08-05,0.0,3.0,3.3
2018-08-06,0.0,0.0,2.5
2018-08-07,43.0,36.0,46.2
2018-08-08,0.0,0.0,4.7
2018-08-09,0.0,36.0,0.5
2018-08-10,0.0,0.0,0.0
2018-08-11,0.0,0.0,0.0
2018-08-12,0.0,0.0,0.0
2018-08-13,0.0,0.0,0.0
2018-08-14,0.0,0.0,0.0
2018-08-15,0.0,0.0,0.0
2018-08-16,0.0,0.0,0.0
2018-08-17,0.0,0.0,0.0
2018-08-18,9.0,0.0,10.2
2018-08-19,0.0,8.5,0.0
2018-08-20,0.0,0.0,0.0
2018-08-21,0.0,0.0,0.0
2018-08-22,25.0,7.0,7.8
2018-08-23,50.0,7.0,5.6
2018-08-24,0.0,5.0,7.5
2018-08-25,30.0,14.0,22.5
2018-08-26,42.0,0.0,0.0
2018-08-27,25.0,0.0,0.0
2018-08-28,0.0,0.0,1.2
2018-08-29,60.0,0.0,1.0
2018-08-30,0.0,3.0,1.3
2018-08-31,35.0,28.0,30.6
2018-09-01,0.0,0.0,0.5
2018-09-02,0.0,0.0,0.0
2018-09-03,0.0,0.0,0.0
2018-09-04,0.0,12.0,3.5
2018-09-05,0.0,44.0,4.0
2018-09-06,0.0,0.0,0.0
2018-09-07,55.0,31.0,37.7
2018-09-08,0.0,0.0,0.8
2018-09-09,45.0,34.0,88.6
2018-09-10,36.0,32.0,19.8
2018-09-11,1.0,0.0,4.4
2018-09-12,10.0,27.0,7.8
2018-09-13,15.0,18.0,2.9
2018-09-14,25.5,0.0,1.3
2018-09-15,0.0,4.5,0.0
2018-09-16,0.0,1.5,0.0
2018-09-17,0.0,0.0,0.0
2018-09-18,0.0,1.5,0.0
2018-09-19,49.0,27.0,8.4
2018-09-20,5.0,34.0,25.0
2018-09-21,0.0,0.0,1.6
2018-09-22,30.0,3.0,0.0
2018-09-23,7.0,12.0,17.5
2018-09-24,8.0,23.0,15.4
2018-09-25,2.0,5.5,16.3
2018-09-26,15.5,0.0,3.8
2018-09-27,13.0,20.0,57.0
2018-09-28,3.0,0.0,0.5
2018-09-29,3.0,0.0,0.0
2018-09-30,0.0,23.5,0.0
2018-10-01,0.0,0.0,0.0
2018-10-02,9.0,7.0,7.3
2018-10-03,8.5,8.5,4.1
2018-10-04,9.0,57.5,51.0
2018-10-05,30.0,8.5,2.0
2018-10-06,5.0,0.0,0.8
2018-10-07,7.0,0.0,0.8
2018-10-08,13.0,28.0,11.0
2018-10-09,29.0,26.0,47.0
2018-10-10,8.0,16.0,15.0
2018-10-11,19.0,40.0,23.0
2018-10-12,43.5,55.0,61.8
2018-10-13,41.0,40.0,50.5
2018-10-14,2.0,2.0,3.4
2018-10-15,0.0,3.0,4.9
2018-10-16,29.0,7.0,13.2
2018-10-17,23.0,19.0,14.7
2018-10-18,24.5,43.0,51.3
2018-10-19,0.0,43.0,5.8
2018-10-20,0.0,1.0,16.6
2018-10-21,0.0,0.0,0.0
2018-10-22,6.0,9.0,13.3
2018-10-23,60.0,9.0,31.3
2018-10-24,6.0,4.0,7.0
2018-10-25,10.0,0.0,0.0
2018-10-26,5.0,0.0,9.3
2018-10-27,0.0,3.5,4.5
2018-10-28,50.0,38.0,60.1
2018-10-29,25.0,6.0,8.4
2018-10-30,11.0,0.0,0.0
2018-10-31,25.0,0.0,2.5
2018-11-01,56.0,3.5,1.0
2018-11-02,82.5,55.0,72.0
2018-11-03,46.0,29.0,56.6
2018-11-04,49.0,36.0,29.4
2018-11-05,0.0,8.5,8.4
2018-11-06,111.0,27.0,52.8
2018-11-07,0.0,38.5,31.5
2018-11-08,0.0,51.0,26.7
2018-11-09,0.0,19.0,9.1
2018-11-10,7.0,18.0,5.0
2018-11-11,9.0,0.0,0.0
2018-11-12,75.0,30.0,33.4
2018-11-13,0.0,35.0,37.5
2018-11-14,17.0,11.0,13.7
2018-11-15,0.0,0.0,0.0
2018-11-16,0.0,0.0,0.0
2018-11-17,0.0,0.0,0.0
2018-11-18,8.0,0.0,5.2
2018-11-19,34.0,17.0,6.4
2018-11-20,3.5,0.0,9.6
2018-11-21,6.5,0.0,5.5
2018-11-22,39.0,59.0,55.9
2018-11-23,26.5,24.0,33.8
2018-11-24,0.0,0.0,1.3
2018-11-25,13.0,11.0,23.7
2018-11-26,3.0,3.0,4.2
2018-11-27,0.0,0.0,0.0
2018-11-28,0.0,0.0,0.0
2018-11-29,0.0,0.0,0.0
2018-11-30,57.0,56.0,55.1
2018-12-01,16.0,10.5,17.6
2018-12-02,0.0,0.0,0.0
2018-12-03,13.0,18.0,13.1
2018-12-04,13.5,17.0,0.7
2018-12-05,2.0,1.0,1.3
2018-12-06,0.0,5.5,7.5
2018-12-07,21.0,9.0,8.5
2018-12-08,0.0,7.0,5.4
2018-12-09,0.0,0.0,0.0
2018-12-10,70.0,53.0,54.0
2018-12-11,69.0,98.0,64.0
2018-12-12,65.0,103.0,141.5
2018-12-13,66.5,0.0,1.0
2018-12-14,0.0,89.0,96.0
2018-12-15,0.0,0.0,0.5
2018-12-16,0.0,0.0,0.0
2018-12-17,0.0,0.0,0.0
2018-12-18,0.0,0.0,0.0
2018-12-19,0.0,0.0,0.0
2018-12-20,0.0,0.0,0.0
2018-12-21,0.0,0.0,0.0
2018-12-22,0.0,0.0,0.0
2018-12-23,117.0,48.0,55.5
2018-12-24,0.0,0.0,0.8
2018-12-25,1.0,0.0,0.0
2018-12-26,0.0,0.0,0.0
2018-12-27,0.0,5.5,1.0
2018-12-28,2.0,0.0,0.0
2018-12-29,0.0,0.0,0.0
2018-12-30,0.0,0.0,0.0
2018-12-31,9.0,7.5,6.5
2019-01-01,0.0,1.0,1.2
2019-01-02,0.0,1.0,0.8
2019-01-03,0.0,0.0,0.0
2019-01-04,72.0,50.0,14.2
2019-01-05,4.0,3.0,8.5
2019-01-06,0.0,0.0,0.0
2019-01-07,0.0,0.0,0.0
2019-01-08,2.0,0.0,8.2
2019-01-09,0.0,0.0,5.6
2019-01-10,5.0,6.0,27.0
2019-01-11,0.0,0.0,0.0
2019-01-12,1.0,0.0,0.0
2019-01-13,28.0,3.0,2.0
2019-01-14,33.0,6.5,4.0
2019-01-15,62.0,40.0,79.0
2019-01-16,9.5,17.0,17.0
2019-01-17,0.0,0.0,0.0
2019-01-18,0.0,0.0,0.0
2019-01-19,0.0,0.0,0.0
2019-01-20,0.0,3.5,1.0
2019-01-21,109.0,57.0,65.0
2019-01-22,16.0,13.0,13.2
2019-01-23,0.0,0.0,0.0
2019-01-24,0.0,0.0,0.0
2019-01-25,0.0,30.0,13.6
2019-01-26,0.0,0.0,0.0
2019-01-27,0.0,0.0,0.0
2019-01-28,11.0,9.0,5.4
2019-01-29,0.0,0.0,0.0
2019-01-30,0.0,0.0,0.0
2019-01-31,0.0,0.0,0.0
2019-02-01,0.0,0.0,0.0
2019-02-02,0.0,0.0,0.0
2019-02-03,0.0,0.0,0.0
2019-02-04,2.0,0.0,10.5
2019-02-05,39.0,34.0,20.6
2019-02-06,62.0,7.5,12.5
2019-02-07,23.5,0.0,0.0
2019-02-08,0.0,3.0,0.0
2019-02-09,0.0,1.5,0.0
2019-02-10,26.0,40.0,43.0
2019-02-11,26.0,1.5,3.5
2019-02-12,9.5,0.0,0.0
2019-02-13,17.0,0.0,0.0
2019-02-14,0.0,0.0,0.0
2019-02-15,0.0,1.0,0.6
2019-02-16,0.0,0.0,1.5
2019-02-17,0.0,14.5,15.8
2019-02-18,53.0,0.0,0.0
2019-02-19,0.0,0.0,0.0
2019-02-20,0.0,1.0,1.0
2019-02-21,0.0,0.0,0.0
2019-02-22,0.0,0.0,0.0
2019-02-23,5.0,7.0,0.0
2019-02-24,0.0,3.0,2.0
2019-02-25,0.0,0.0,0.0
2019-02-26,0.0,0.0,0.0
2019-02-27,6.0,0.0,0.0
2019-02-28,0.0,25.0,2.0
2019-03-01,5.5,0.0,20.0
2019-03-02,0.0,37.0,25.0
2019-03-03,0.0,0.0,0.0
2019-03-04,48.0,34.0,17.1
2019-03-05,0.0,74.0,55.2
2019-03-06,5.0,0.0,60.8
2019-03-07,0.0,0.0,0.0
2019-03-08,0.0,0.0,0.0
2019-03-09,0.0,0.0,0.0
2019-03-10,67.0,46.0,11.5
2019-03-11,67.0,11.0,1.5
2019-03-12,0.0,11.5,9.5
2019-03-13,7.0,0.0,0.0
2019-03-14,0.0,0.0,0.0
2019-03-15,0.0,0.0,0.0
2019-03-16,0.0,2.0,5.0
2019-03-17,0.0,0.0,0.0
2019-03-18,0.0,0.0,0.0
2019-03-19,0.0,0.0,0.0
2019-03-20,0.0,2.0,0.0
2019-03-21,8.0,6.0,0.0
2019-03-22,0.0,2.0,15.7
2019-03-23,18.0,2.0,0.0
2019-03-24,26.0,25.0,4.8
2019-03-25,14.0,58.0,49.0
2019-03-26,0.0,0.0,0.0
2019-03-27,30.5,6.0,1.0
2019-03-28,0.0,0.0,1.0
2019-03-29,0.0,0.0,1.0
2019-03-30,32.0,23.0,25.0
2019-03-31,5.0,14.0,21.2
2019-04-01,64.0,63.0,45.5
2019-04-02,0.0,2.0,2.5
2019-04-03,0.0,0.0,1.0
2019-04-04,0.0,0.0,0.0
2019-04-05,1.0,7.0,27.4
2019-04-06,3.0,1.0,1.5
2019-04-07,42.0,18.0,2.3
2019-04-08,0.0,0.0,0.0
2019-04-09,0.0,0.0,0.0
2019-04-10,0.0,0.0,0.0
2019-04-11,37.5,0.0,17.5
2019-04-12,0.0,33.0,0.0
2019-04-13,0.0,0.0,9.3
2019-04-14,0.0,3.0,0.0
2019-04-15,42.0,0.0,21.2
2019-04-16,135.0,0.0,6.9
2019-04-17,0.0,67.0,3.5
2019-04-18,0.0,7.0,3.2
2019-04-19,0.0,0.0,0.0
2019-04-20,8.0,19.0,22.0
2019-04-21,0.0,,0.0
2019-04-22,9.0,,9.4
2019-04-23,18.5,,2.2
2019-04-24,0.0,,0.8
2019-04-25,6.5,,3.8
2019-04-26,16.0,,1.2
2019-04-27,13.0,,6.0
2019-04-28,10.0,,6.3
2019-04-29,0.0,,0.0
2019-04-30,0.0,,0.0
2019-05-01,0.0,,0.0
2019-05-02,0.0,,0.0
2019-05-03,0.0,,0.0
2019-05-04,7.0,,0.0
2019-05-05,9.0,,3.5
2019-05-06,0.0,,7.6
2019-05-07,0.0,,0.0
2019-05-08,0.0,,0.0
2019-05-09,0.0,,0.0
2019-05-10,0.0,,0.0
2019-05-11,0.0,0.0,0.0
2019-05-12,0.0,0.0,0.0
2019-05-13,0.0,0.0,0.0
2019-05-14,0.0,0.0,2.0
2019-05-15,2.0,1.5,0.0
2019-05-16,40.0,47.0,35.0
2019-05-17,0.0,0.0,0.0
2019-05-18,0.0,0.0,0.0
2019-05-19,0.0,0.0,0.0
2019-05-20,11.0,6.0,6.2
2019-05-21,8.0,1.0,1.8
2019-05-22,6.0,1.0,14.6
2019-05-23,50.0,76.0,35.4
2019-05-24,0.0,0.0,0.0
2019-05-25,0.0,7.0,0.0
2019-05-26,0.0,0.0,0.0
2019-05-27,0.0,0.0,0.0
2019-05-28,0.0,0.0,0.0
2019-05-29,0.0,0.0,2.0
2019-05-30,97.0,96.0,38.8
2019-05-31,1.0,1.0,1.4
2019-06-01,17.0,19.0,6.0
2019-06-02,114.0,72.0,34.0
2019-06-03,20.0,9.0,16.2
2019-06-04,0.0,2.0,0.0
2019-06-05,0.0,6.0,0.0
2019-06-06,15.0,0.0,0.0
2019-06-07,20.0,13.0,48.2
2019-06-08,70.0,25.0,2.5
2019-06-09,80.0,15.0,26.0
2019-06-10,1.0,1.0,1.0
2019-06-11,0.0,1.0,0.0
2019-06-12,33.0,19.0,16.2
2019-06-13,0.0,0.0,0.0
2019-06-14,56.0,0.0,7.5
2019-06-15,34.0,45.0,17.3
2019-06-16,0.0,0.0,0.0
2019-06-17,0.0,0.0,0.0
2019-06-18,0.0,0.0,0.0
2019-06-19,0.0,8.5,0.0
2019-06-20,0.0,0.0,0.0
2019-06-21,16.0,26.0,54.3
2019-06-22,43.0,22.0,41.5
2019-06-23,1.0,3.0,4.2
2019-06-24,2.0,4.0,6.3
2019-06-25,0.0,0.0,0.0
2019-06-26,0.0,0.0,0.0
2019-06-27,0.0,0.0,0.0
2019-06-28,0.0,0.0,0.0
2019-06-29,0.0,0.0,0.0
2019-06-30,170.0,99.0,72.7
2019-07-01,0.0,0.0,0.0
2019-07-02,0.0,0.0,0.0
2019-07-03,0.0,0.0,0.0
2019-07-04,0.0,0.0,0.0
2019-07-05,18.0,0.0,0.0
2019-07-06,5.0,3.0,11.0
2019-07-07,6.0,17.0,97.0
2019-07-08,1.0,0.0,0.0
2019-07-09,11.0,4.0,8.0
2019-07-10,3.0,0.0,0.0
2019-07-11,0.0,0.0,0.0
2019-07-12,0.0,0.0,0.0
2019-07-13,25.0,18.0,58.0
2019-07-14,0.0,0.0,0.0
2019-07-15,15.0,2.0,3.0
2019-07-16,0.0,0.0,19.0
2019-07-17,0.0,0.0,0.0
2019-07-18,0.0,0.0,2.0
2019-07-19,0.0,0.0,0.0
2019-07-20,0.0,0.0,0.0
2019-07-21,0.0,0.0,0.0
2019-07-22,0.0,0.0,0.0
2019-07-23,2.0,6.0,3.0
2019-07-24,17.0,4.0,3.0
2019-07-25,3.0,0.0,0.0
2019-07-26,0.0,0.0,0.0
2019-07-27,8.0,0.0,0.0
2019-07-28,12.0,4.0,4.0
2019-07-29,25.0,0.0,0.0
2019-07-30,0.0,0.0,5.0
2019-07-31,8.0,0.0,0.0
2019-08-01,0.0,0.0,1.5
2019-08-02,3.0,0.0,3.0
2019-08-03,0.0,0.0,0.0
2019-08-04,0.0,1.0,0.0
2019-08-05,6.0,5.0,8.4
2019-08-06,0.0,0.0,0.0
2019-08-07,0.0,0.0,0.0
2019-08-08,0.0,0.0,0.0
2019-08-09,0.0,10.0,0.0
2019-08-10,7.5,0.0,1.8
2019-08-11,0.0,0.0,0.0
2019-08-12,2.0,0.0,0.0
2019-08-13,0.0,0.0,5.9
2019-08-14,0.0,0.0,0.0
2019-08-15,7.0,3.5,1.7
2019-08-16,2.0,10.0,0.9
2019-08-17,7.5,0.0,6.4
2019-08-18,0.0,0.0,0.0
2019-08-19,0.0,0.0,0.0
2019-08-20,0.0,0.0,0.0
2019-08-21,0.0,0.0,0.0
2019-08-22,0.0,0.0,0.0
2019-08-23,2.0,0.0,0.0
2019-08-24,0.0,0.0,0.0
2019-08-25,32.0,25.0,14.5
2019-08-26,30.0,0.0,1.3
2019-08-27,1.0,3.0,4.0
2019-08-28,41.0,34.0,21.5
2019-08-29,0.0,0.0,0.0
2019-08-30,0.0,0.0,0.0
2019-08-31,0.0,0.0,0.0
2019-09-01,0.0,0.0,0.0
2019-09-02,72.0,31.0,31.4
2019-09-03,0.0,0.0,0.0
2019-09-04,0.0,0.0,0.0
2019-09-05,0.0,0.0,0.0
2019-09-06,0.0,0.0,0.0
2019-09-07,1.0,0.0,0.0
2019-09-08,0.0,0.0,0.0
2019-09-09,0.0,0.0,0.0
2019-09-10,0.0,0.0,0.0
2019-09-11,0.0,0.0,0.0
2019-09-12,0.0,0.0,0.0
2019-09-13,0.0,0.0,0.0
2019-09-14,0.0,0.0,0.0
2019-09-15,0.0,0.0,0.0
2019-09-16,0.0,0.0,0.0
2019-09-17,0.0,0.0,0.0
2019-09-18,0.0,0.0,0.0
2019-09-19,0.0,0.0,0.0
2019-09-20,0.0,0.0,0.0
2019-09-21,0.0,0.0,0.0
2019-09-22,0.0,0.0,0.0
2019-09-23,0.0,0.0,0.0
2019-09-24,0.0,0.0,0.0
2019-09-25,4.0,5.0,9.0
2019-09-26,58.5,24.0,29.0
2019-09-27,0.0,0.0,0.0
2019-09-28,5.0,4.0,3.2
2019-09-29,6.0,0.0,0.0
2019-09-30,10.0,5.5,13.8
2019-10-01,0.0,0.0,0.0
2019-10-02,0.0,0.0,0.0
2019-10-03,1.0,0.0,1.8
2019-10-04,0.0,0.0,17.7
2019-10-05,3.0,0.0,0.0
2019-10-06,0.0,0.0,0.0
2019-10-07,0.0,0.0,0.0
2019-10-08,0.0,0.0,0.0
2019-10-09,12.0,2.0,26.2
2019-10-10,0.0,0.0,0.0
2019-10-11,0.0,0.0,0.0
2019-10-12,0.0,0.0,0.0
2019-10-13,1.0,0.0,0.0
2019-10-14,3.0,0.0,0.0
2019-10-15,0.0,0.0,0.0
2019-10-16,0.0,2.0,0.0
2019-10-17,10.0,66.0,2.2
2019-10-18,60.0,3.0,95.0
2019-10-19,0.0,0.0,0.5
2019-10-20,3.0,1.5,3.3
2019-10-21,1.0,0.0,0.0
2019-10-22,3.0,0.0,0.0
2019-10-23,0.0,0.0,2.0
2019-10-24,0.0,0.0,0.0
2019-10-25,0.0,0.0,0.0
2019-10-26,0.0,2.0,0.0
2019-10-27,43.0,18.5,16.7
2019-10-28,13.0,3.0,1.7
2019-10-29,0.0,0.0,4.5
2019-10-30,0.0,2.0,0.0
2019-10-31,0.0,0.0,0.0
2019-11-01,0.0,0.0,0.0
2019-11-02,0.0,0.0,0.0
2019-11-03,0.0,0.0,0.0
2019-11-04,0.0,0.0,0.0
2019-11-05,0.0,0.0,0.0
2019-11-06,0.0,0.0,0.0
2019-11-07,0.0,0.0,0.0
2019-11-08,0.0,0.0,0.0
2019-11-09,0.0,0.0,0.0
2019-11-10,0.0,0.0,0.0
2019-11-11,0.0,0.0,0.0
2019-11-12,14.5,0.0,0.0
2019-11-13,0.0,0.0,26.0
2019-11-14,1.0,7.5,1.6
2019-11-15,2.0,0.0,0.5
2019-11-16,12.0,0.0,0.0
2019-11-17,0.0,0.0,0.0
2019-11-18,0.0,0.0,0.0
2019-11-19,0.0,0.0,0.0
2019-11-20,0.0,1.0,7.4
2019-11-21,73.0,37.0,22.6
2019-11-22,10.0,8.0,8.1
2019-11-23,0.0,1.0,4.4
2019-11-24,16.0,2.0,3.0
2019-11-25,31.0,19.5,19.6
2019-11-26,0.0,0.0,0.0
2019-11-27,0.0,0.0,0.0
2019-11-28,5.5,4.0,0.0
2019-11-29,0.0,0.0,0.0
2019-11-30,2.0,0.0,0.0
2019-12-01,0.0,0.0,0.0
2019-12-02,12.0,7.0,9.0
2019-12-03,9.0,22.0,13.0
2019-12-04,2.0,0.0,2.0
2019-12-05,0.0,0.0,0.0
2019-12-06,5.0,0.0,0.0
2019-12-07,0.0,0.0,0.0
2019-12-08,10.0,0.0,28.0
2019-12-09,8.0,22.0,5.0
2019-12-10,2.0,2.0,3.0
2019-12-11,40.0,0.0,9.0
2019-12-12,9.0,0.0,20.0
2019-12-13,10.0,12.0,11.0
2019-12-14,0.0,0.0,0.0
2019-12-15,0.0,0.0,7.0
2019-12-16,9.0,37.0,3.0
2019-12-17,2.0,41.0,21.0
2019-12-18,7.0,2.0,6.0
2019-12-19,3.0,4.0,4.0
2019-12-20,8.0,0.0,1.0
2019-12-21,31.0,32.0,10.0
2019-12-22,42.0,14.0,5.0
2019-12-23,1.0,0.0,0.0
2019-12-24,0.0,0.0,0.0
2019-12-25,66.0,96.0,178.0
2019-12-26,0.0,0.0,1.0
2019-12-27,10.0,29.0,4.0
2019-12-28,24.0,32.0,8.0
2019-12-29,0.0,0.0,0.0
2019-12-30,0.0,21.0,8.0
2019-12-31,15.0,4.0,1.0
2020-01-01,0.0,0.0,0.0
2020-01-02,0.0,0.0,0.0
2020-01-03,0.0,0.0,0.0
2020-01-04,0.0,8.0,0.0
2020-01-05,0.0,0.0,0.0
2020-01-06,5.0,0.0,1.0
2020-01-07,0.0,0.0,0.0
2020-01-08,0.0,0.0,0.0
2020-01-09,0.0,12.0,0.0
2020-01-10,94.0,143.0,130.0
2020-01-11,49.0,14.0,40.0
2020-01-12,10.0,0.0,7.0
2020-01-13,19.0,0.0,0.0
2020-01-14,0.0,0.0,27.0
2020-01-15,0.0,0.0,0.0
2020-01-16,0.0,13.0,0.0
2020-01-17,50.0,42.0,13.0
2020-01-18,19.0,4.0,6.0
2020-01-19,0.0,1.0,15.0
2020-01-20,2.0,1.0,0.0
2020-01-21,11.0,0.0,14.0
2020-01-22,0.0,0.0,1.0
2020-01-23,0.0,10.0,7.0
2020-01-24,0.0,0.0,18.0
2020-01-25,9.0,8.0,5.0
2020-01-26,0.0,8.0,0.0
2020-01-27,29.0,9.0,14.0
2020-01-28,0.0,0.0,0.0
2020-01-29,145.0,110.0,111.0
2020-01-30,0.0,0.0,0.0
2020-01-31,0.0,0.0,0.0
2020-02-01,0.0,0.0,0.0
2020-02-02,0.0,0.0,0.0
2020-02-03,0.0,0.0,0.0
2020-02-04,0.0,0.0,0.0
2020-02-05,0.0,0.0,0.0
2020-02-06,8.0,0.0,4.0
2020-02-07,0.0,5.0,1.0
2020-02-08,29.0,50.0,54.0
2020-02-09,0.0,0.0,1.0
2020-02-10,0.0,0.0,0.0
2020-02-11,0.0,0.0,0.0
2020-02-12,0.0,0.0,0.0
2020-02-13,0.0,0.0,0.0
2020-02-14,23.0,6.0,2.0
2020-02-15,72.0,150.0,101.0
2020-02-16,0.0,12.0,6.0
2020-02-17,11.0,4.0,3.0
2020-02-18,38.0,6.0,13.0
2020-02-19,0.0,0.0,0.0
2020-02-20,0.0,0.0,0.0
2020-02-21,0.0,0.0,0.0
2020-02-22,0.0,0.0,0.0
2020-02-23,0.0,0.0,0.0
2020-02-24,0.0,0.0,0.0
2020-02-25,0.0,0.0,0.0
2020-02-26,0.0,0.0,0.0
2020-02-27,0.0,0.0,0.0
2020-02-28,0.0,0.0,0.0
2020-02-29,0.0,0.0,0.0
2020-03-01,0.0,0.0,0.0
2020-03-02,7.0,4.0,1.0
2020-03-03,17.0,31.0,115.0
2020-03-04,0.0,0.0,0.0
2020-03-05,0.0,0.0,0.0
2020-03-06,5.0,0.0,3.0
2020-03-07,0.0,3.0,0.0
2020-03-08,0.0,0.0,0.0
2020-03-09,0.0,1.0,16.0
2020-03-10,0.0,0.0,0.0
2020-03-11,0.0,0.0,0.0
2020-03-12,0.0,0.0,0.0
2020-03-13,18.0,40.0,29.0
2020-03-14,0.0,0.0,0.0
2020-03-15,0.0,0.0,0.0
2020-03-16,0.0,0.0,0.0
2020-03-17,0.0,0.0,0.0
2020-03-18,25.0,12.0,6.0
2020-03-19,79.0,176.0,75.0
2020-03-20,49.0,35.0,29.0
2020-03-21,0.0,0.0,1.0
2020-03-22,0.0,3.0,1.0
2020-03-23,0.0,5.0,2.0
2020-03-24,0.0,0.0,0.0
2020-03-25,17.0,0.0,0.0
2020-03-26,0.0,30.0,7.0
2020-03-27,7.0,8.0,9.0
2020-03-28,0.0,0.0,0.0
2020-03-29,10.0,3.0,0.0
2020-03-30,45.0,12.0,15.0
2020-03-31,0.0,0.0,0.0
2020-04-01,0.0,0.0,0.0
2020-04-02,0.0,0.0,0.0
2020-04-03,0.0,0.0,0.0
2020-04-04,4.0,0.0,1.0
2020-04-05,67.0,16.0,8.5
2020-04-06,24.0,16.0,10.0
2020-04-07,36.0,12.0,19.0
2020-04-08,0.0,1.0,3.3
2020-04-09,0.0,1.0,0.0
2020-04-10,71.0,36.0,38.0
2020-04-11,1.0,0.0,6.0
2020-04-12,0.0,6.5,1.7
2020-04-13,4.0,0.0,6.0
2020-04-14,7.0,0.0,1.5
2020-04-15,2.0,0.0,11.0
2020-04-16,8.0,4.5,0.0
2020-04-17,8.5,4.0,6.3
2020-04-18,0.0,1.0,3.0
2020-04-19,6.5,0.0,0.0
2020-04-20,3.0,6.0,0.7
2020-04-21,0.0,0.0,0.0
2020-04-22,0.0,0.0,0.0
2020-04-23,48.0,1.5,1.2
2020-04-24,0.0,0.0,0.0
2020-04-25,27.0,29.0,17.0
2020-04-26,1.0,7.0,0.6
2020-04-27,23.0,25.0,44.0
2020-04-28,6.0,4.0,12.0
2020-04-29,0.0,0.0,0.0
2020-04-30,3.0,15.0,16.0
2020-05-01,37.0,43.5,43.0
2020-05-02,20.0,48.0,44.9
2020-05-03,38.0,40.5,41.2
2020-05-04,0.0,4.5,5.8
2020-05-05,0.0,0.0,0.0
2020-05-06,17.0,39.5,39.9
2020-05-07,15.0,18.0,13.0
2020-05-08,10.0,6.0,7.0
2020-05-09,28.0,52.0,54.1
2020-05-10,0.0,0.0,0.0
2020-05-11,0.0,0.0,0.0
2020-05-12,0.0,0.0,0.0
2020-05-13,93.0,87.0,45.3
2020-05-14,0.0,0.0,0.0
2020-05-15,3.0,5.5,0.0
2020-05-16,23.0,0.0,0.0
2020-05-17,0.0,42.0,9.0
2020-05-18,58.0,64.0,87.0
2020-05-19,0.0,0.0,0.0
2020-05-20,22.0,14.0,14.0
2020-05-21,0.0,0.0,0.0
2020-05-22,0.0,0.0,0.0
2020-05-23,22.0,30.0,25.5
2020-05-24,0.0,0.0,0.0
2020-05-25,0.0,0.0,0.0
2020-05-26,0.0,0.0,0.0
2020-05-27,20.0,4.0,8.7
2020-05-28,0.0,0.0,0.0
2020-05-29,0.0,0.0,0.0
2020-05-30,0.0,0.0,0.0
2020-05-31,4.0,0.0,0.0
2020-06-01,0.0,0.0,0.0
2020-06-02,0.0,0.0,0.0
2020-06-03,25.0,0.0,0.0
2020-06-04,40.0,16.0,7.0
2020-06-05,25.0,43.0,35.0
2020-06-06,72.0,0.0,55.0
2020-06-07,0.0,0.0,0.0
2020-06-08,0.0,0.0,0.0
2020-06-09,0.0,0.0,0.0
2020-06-10,0.0,0.0,0.0
2020-06-11,0.0,0.0,0.0
2020-06-12,0.0,0.0,0.0
2020-06-13,19.0,6.0,12.0
2020-06-14,0.0,0.0,0.0
2020-06-15,0.0,0.0,0.0
2020-06-16,0.0,0.0,0.0
2020-06-17,11.0,23.0,29.0
2020-06-18,0.0,8.0,7.0
2020-06-19,24.0,23.0,11.0
2020-06-20,2.0,0.0,0.0
2020-06-21,37.0,2.0,1.0
2020-06-22,60.0,115.0,70.0
2020-06-23,42.0,78.0,55.0
2020-06-24,0.0,0.0,1.0
2020-06-25,0.0,0.0,0.0
2020-06-26,0.0,0.0,0.0
2020-06-27,0.0,0.0,0.0
2020-06-28,0.0,0.0,0.0
2020-06-29,0.0,0.0,0.0
2020-06-30,4.0,0.0,1.0
2020-07-01,0.0,0.0,0.0
2020-07-02,2.0,0.0,5.0
2020-07-03,0.0,0.0,0.0
2020-07-04,0.0,0.0,0.0
2020-07-05,0.0,0.0,0.0
2020-07-06,0.0,0.0,0.0
2020-07-07,0.0,0.0,0.0
2020-07-08,26.0,11.0,10.0
2020-07-09,105.0,234.0,163.0
2020-07-10,0.0,0.0,0.0
2020-07-11,0.0,0.0,0.0
2020-07-12,27.0,41.0,19.0
2020-07-13,52.0,8.0,17.0
2020-07-14,0.0,0.0,3.0
2020-07-15,0.0,0.0,0.0
2020-07-16,0.0,0.0,0.0
2020-07-17,16.0,12.0,4.0
2020-07-18,21.0,6.0,7.0
2020-07-19,18.0,12.0,6.0
2020-07-20,4.0,1.0,3.0
2020-07-21,0.0,0.0,0.0
2020-07-22,0.0,8.0,13.0
2020-07-23,81.0,60.0,72.0
2020-07-24,8.0,1.0,1.0
2020-07-25,3.0,0.0,0.0
2020-07-26,31.0,34.0,11.0
2020-07-27,16.0,0.0,2.0
2020-07-28,4.0,5.0,1.0
2020-07-29,25.0,20.0,31.0
2020-07-30,0.0,48.0,14.0
2020-07-31,0.0,0.0,0.0
2020-08-01,87.0,50.0,22.0
2020-08-02,0.0,0.0,0.0
2020-08-03,0.0,0.0,0.0
2020-08-04,8.0,26.0,36.0
2020-08-05,20.0,6.0,11.0
2020-08-06,0.0,0.0,0.0
2020-08-07,0.0,0.0,0.0
2020-08-08,0.0,0.0,0.0
2020-08-09,0.0,0.0,0.0
2020-08-10,0.0,0.0,0.0
2020-08-11,0.0,0.0,0.0
2020-08-12,0.0,0.0,0.0
2020-08-13,3.0,3.0,3.0
2020-08-14,0.0,0.0,0.0
2020-08-15,3.0,3.0,2.0
2020-08-16,25.0,19.0,21.0
2020-08-17,12.0,6.0,5.0
2020-08-18,19.0,6.0,10.0
2020-08-19,0.0,0.0,0.0
2020-08-20,0.0,0.0,0.0
2020-08-21,0.0,0.0,0.0
2020-08-22,8.0,96.0,31.0
2020-08-23,41.0,16.0,63.0
2020-08-24,0.0,0.0,0.0
2020-08-25,3.0,22.0,0.0
2020-08-26,7.0,12.0,7.0
2020-08-27,0.0,0.0,23.0
2020-08-28,0.0,0.0,6.0
2020-08-29,0.0,0.0,0.0
2020-08-30,0.0,0.0,0.0
2020-08-31,15.0,6.0,14.0
2020-09-01,85.0,46.0,37.0
2020-09-02,4.0,13.0,40.0
2020-09-03,8.0,0.0,2.0
2020-09-04,15.0,19.0,23.0
2020-09-05,26.0,19.0,23.0
2020-09-06,7.0,7.0,9.0
2020-09-07,0.0,0.0,0.0
2020-09-08,5.0,1.0,0.0
2020-09-09,0.0,0.0,1.0
2020-09-10,135.0,158.0,230.0
2020-09-11,25.0,20.0,8.0
2020-09-12,4.0,5.0,6.0
2020-09-13,0.0,0.0,1.0
2020-09-14,0.0,0.0,0.0
2020-09-15,0.0,0.0,0.0
2020-09-16,0.0,0.0,0.0
2020-09-17,0.0,0.0,0.0
2020-09-18,8.0,0.0,2.0
2020-09-19,4.0,8.0,17.0
2020-09-20,0.0,0.0,0.0
2020-09-21,2.0,2.0,7.0
2020-09-22,0.0,1.0,2.0
2020-09-23,23.0,24.0,9.0
2020-09-24,130.0,153.0,156.0
2020-09-25,0.0,38.0,1.0
2020-09-26,90.0,12.0,67.0
2020-09-27,15.0,12.0,13.0
2020-09-28,2.0,0.0,13.0
2020-09-29,7.0,9.0,0.0
2020-09-30,0.0,0.0,5.0
2020-10-01,8.0,13.0,5.0
2020-10-02,95.0,123.0,158.0
2020-10-03,17.0,20.0,13.0
2020-10-04,0.0,0.0,0.0
2020-10-05,3.0,3.0,4.0
2020-10-06,39.0,29.0,40.0
2020-10-07,58.0,30.0,47.0
2020-10-08,35.0,72.0,64.0
2020-10-09,23.0,43.0,35.0
2020-10-10,46.0,42.0,47.0
2020-10-11,0.0,0.0,1.0
2020-10-12,0.0,0.0,0.0
2020-10-13,0.0,0.0,0.0
2020-10-14,7.0,0.0,0.0
2020-10-15,0.0,0.0,0.0
2020-10-16,0.0,0.0,0.0
2020-10-17,0.0,0.0,0.0
2020-10-18,0.0,0.0,0.0
2020-10-19,0.0,0.0,0.0
2020-10-20,0.0,0.0,0.0
2020-10-21,0.0,6.0,7.0
2020-10-22,6.0,4.0,3.0
2020-10-23,23.0,17.0,19.0
2020-10-24,0.0,0.0,1.0
2020-10-25,0.0,0.0,6.0
2020-10-26,0.0,4.0,1.0
2020-10-27,0.0,6.0,3.0
2020-10-28,0.0,0.0,0.0
2020-10-29,0.0,0.0,0.0
2020-10-30,0.0,0.0,0.0
2020-10-31,17.0,0.0,1.0
2020-11-01,86.0,22.0,23.0
2020-11-02,6.0,0.0,0.0
2020-11-03,0.0,6.0,5.0
2020-11-04,19.0,16.0,10.0
2020-11-05,0.0,0.0,0.0
2020-11-06,0.0,0.0,0.0
2020-11-07,23.0,3.0,2.0
2020-11-08,0.0,25.0,32.0
2020-11-09,25.0,6.0,7.0
2020-11-10,7.0,7.0,9.0
2020-11-11,0.0,0.0,0.0
2020-11-12,0.0,0.0,0.0
2020-11-13,0.0,0.0,0.0
2020-11-14,3.0,17.0,9.0
2020-11-15,0.0,25.0,23.0
2020-11-16,8.0,16.0,17.0
2020-11-17,25.0,1.0,6.0
2020-11-18,35.0,39.0,23.0
2020-11-19,15.0,7.0,16.0
2020-11-20,40.0,37.0,153.0
2020-11-21,18.0,5.0,4.0
2020-11-22,16.0,23.0,16.0
2020-11-23,25.0,0.0,24.0
2020-11-24,153.0,117.0,110.0
2020-11-25,20.0,135.0,119.0
2020-11-26,66.0,64.0,66.0
2020-11-27,0.0,10.0,19.0
2020-11-28,22.0,1.0,0.0
2020-11-29,20.0,24.0,25.0
2020-11-30,0.0,0.0,0.0
2020-12-01,0.0,0.0,0.0
2020-12-02,0.0,0.0,0.0
2020-12-03,0.0,0.0,0.0
2020-12-04,0.0,0.0,0.0
2020-12-05,0.0,0.0,0.0
2020-12-06,0.0,0.0,0.0
2020-12-07,0.0,0.0,0.0
2020-12-08,0.0,0.0,0.0
2020-12-09,0.0,4.0,2.0
2020-12-10,52.0,34.0,37.0
2020-12-11,0.0,73.0,55.0
2020-12-12,0.0,1.0,1.0
2020-12-13,13.0,5.0,2.0
2020-12-14,0.0,0.0,1.0
2020-12-15,2.0,0.0,4.0
2020-12-16,15.0,12.0,13.0
2020-12-17,0.0,6.0,6.0
2020-12-18,10.0,7.0,11.0
2020-12-19,0.0,0.0,2.0
2020-12-20,0.0,0.0,0.0
2020-12-21,0.0,0.0,0.0
2020-12-22,0.0,0.0,0.0
2020-12-23,0.0,0.0,0.0
2020-12-24,47.0,67.0,43.0
2020-12-25,0.0,0.0,12.0
2020-12-26,0.0,0.0,0.0
2020-12-27,0.0,0.0,0.0
2020-12-28,0.0,0.0,0.0
2020-12-29,0.0,2.0,16.0
2020-12-30,5.0,1.0,1.0
2020-12-31,4.0,1.0,0.0
2021-01-01,23.0,0.0,0.0
2021-01-02,0.0,0.0,2.0
2021-01-03,51.0,87.0,44.0
2021-01-04,0.0,1.0,5.0
2021-01-05,0.0,0.0,0.0
2021-01-06,0.0,0.0,0.0
2021-01-07,12.0,10.0,9.0
2021-01-08,21.0,0.0,0.0
2021-01-09,85.0,155.0,129.0
2021-01-10,0.0,0.0,1.0
2021-01-11,53.0,53.0,0.0
2021-01-12,0.0,0.0,46.0
2021-01-13,0.0,0.0,1.0
2021-01-14,0.0,0.0,0.0
2021-01-15,2.0,0.0,0.0
2021-01-16,5.0,2.0,0.0
2021-01-17,0.0,0.0,0.0
2021-01-18,0.0,0.0,2.0
2021-01-19,0.0,0.0,0.0
2021-01-20,0.0,0.0,0.0
2021-01-21,0.0,0.0,0.0
2021-01-22,0.0,0.0,0.0
2021-01-23,0.0,0.0,0.0
2021-01-24,0.0,0.0,0.0
2021-01-25,20.0,3.0,6.0
2021-01-26,0.0,0.0,0.0
2021-01-27,0.0,0.0,34.0
2021-01-28,57.0,23.0,0.0
2021-01-29,0.0,0.0,10.0
2021-01-30,0.0,10.0,3.0
2021-01-31,8.0,10.0,0.0
2021-02-01,0.0,0.0,0.0
2021-02-02,22.0,2.0,22.0
2021-02-03,0.0,0.0,0.0
2021-02-04,11.0,0.0,11.0
2021-02-05,0.0,0.0,0.0
2021-02-06,0.0,0.0,0.0
2021-02-07,0.0,0.0,0.0
2021-02-08,24.0,0.0,0.0
2021-02-09,0.0,0.0,0.0
2021-02-10,0.0,0.0,0.0
2021-02-11,0.0,0.0,0.0
2021-02-12,0.0,0.0,0.0
2021-02-13,0.0,0.0,0.0
2021-02-14,0.0,0.0,0.0
2021-02-15,0.0,0.0,0.0
2021-02-16,12.0,0.0,0.0
2021-02-17,0.0,0.0,0.0
2021-02-18,0.0,11.0,0.0
2021-02-19,0.0,2.0,3.0
2021-02-20,0.0,0.0,0.0
2021-02-21,0.0,0.0,0.0
2021-02-22,15.0,0.0,0.0
2021-02-23,5.0,2.0,13.0
2021-02-24,7.0,12.0,3.0
2021-02-25,10.0,16.0,9.0
2021-02-26,2.0,6.0,2.0
2021-02-27,0.0,21.0,20.0
2021-02-28,0.0,0.0,0.0
2021-03-01,0.0,0.0,0.0
2021-03-02,0.0,0.0,0.0
2021-03-03,5.0,133.0,64.0
2021-03-04,8.0,1.0,2.0
2021-03-05,3.0,0.0,0.0
2021-03-06,0.0,0.0,2.0
2021-03-07,115.0,130.0,154.0
2021-03-08,38.0,15.0,11.0
2021-03-09,0.0,0.0,0.0
2021-03-10,52.0,69.0,27.0
2021-03-11,0.0,0.0,0.0
2021-03-12,0.0,0.0,0.0
2021-03-13,2.0,32.0,7.0
2021-03-14,10.0,0.0,0.0
2021-03-15,0.0,0.0,0.0
2021-03-16,9.0,4.0,11.0
2021-03-17,0.0,1.0,3.0
2021-03-18,5.0,0.0,2.0
2021-03-19,20.0,62.0,29.0
2021-03-20,4.0,12.0,17.0
2021-03-21,9.0,4.0,2.0
2021-03-22,115.0,101.0,129.0
2021-03-23,0.0,22.0,31.0
2021-03-24,38.0,9.0,17.0
2021-03-25,25.0,5.0,7.0
2021-03-26,0.0,1.0,1.0
2021-03-27,10.0,6.0,11.0
2021-03-28,0.0,1.0,1.0
2021-03-29,10.0,23.0,31.0
2021-03-30,35.0,15.0,15.0
2021-03-31,1.0,2.0,2.0
2021-04-01,20.0,12.0,15.5
2021-04-02,0.0,0.0,0.0
2021-04-03,3.0,1.0,3.0
2021-04-04,35.0,55.0,51.6
2021-04-05,15.0,0.0,0.0
2021-04-06,5.0,0.0,9.0
2021-04-07,0.0,0.0,0.0
2021-04-08,0.0,0.0,6.0
2021-04-09,0.0,3.5,1.5
2021-04-10,0.0,0.0,0.0
2021-04-11,0.0,0.0,0.0
2021-04-12,8.0,42.0,7.4
2021-04-13,0.0,0.0,0.7
2021-04-14,0.0,0.0,0.0
2021-04-15,0.0,0.0,0.0
2021-04-16,0.0,0.0,1.0
2021-04-17,22.0,18.5,2.3
2021-04-18,0.0,0.0,0.6
2021-04-19,0.0,0.0,0.0
2021-04-20,0.0,0.0,0.0
2021-04-21,0.0,0.0,0.0
2021-04-22,20.0,14.0,10.6
2021-04-23,33.0,59.0,6.0
2021-04-24,0.0,0.0,0.0
2021-04-25,7.0,2.0,1.8
2021-04-26,0.0,0.0,0.0
2021-04-27,0.0,0.0,0.0
2021-04-28,5.0,2.0,0.0
2021-04-29,0.0,32.0,0.5
2021-04-30,92.0,19.0,27.4
2021-05-01,0.0,1.0,0.0
2021-05-02,3.0,0.0,15.6
2021-05-03,0.0,0.0,0.0
2021-05-04,0.0,0.0,1.5
2021-05-05,4.0,11.0,65.1
2021-05-06,13.0,10.0,4.2
2021-05-07,0.0,0.0,0.0
2021-05-08,0.0,0.0,0.0
2021-05-09,5.0,31.0,55.4
2021-05-10,0.0,0.0,1.2
2021-05-11,0.0,0.0,0.0
2021-05-12,75.0,66.0,30.0
2021-05-13,0.0,0.0,8.8
2021-05-14,13.0,9.0,10.5
2021-05-15,65.0,40.0,59.7
2021-05-16,0.0,65.0,2.8
2021-05-17,23.0,41.0,72.0
2021-05-18,81.0,66.0,6.6
2021-05-19,0.0,0.0,0.0
2021-05-20,0.0,0.0,0.0
2021-05-21,0.0,0.0,0.0
2021-05-22,0.0,0.0,0.0
2021-05-23,0.0,0.0,0.0
2021-05-24,0.0,0.0,0.0
2021-05-25,0.0,0.0,0.0
2021-05-26,6.0,0.0,0.0
2021-05-27,0.0,0.0,0.0
2021-05-28,25.0,71.0,48.5
2021-05-29,105.0,111.0,89.0
2021-05-30,15.0,0.0,13.0
2021-05-31,24.0,6.0,79.4
2021-06-01,0.0,103.0,1.0
2021-06-02,3.0,20.0,5.3
2021-06-03,0.0,0.0,0.0
2021-06-04,0.0,0.0,0.0
2021-06-05,18.0,0.0,23.9
2021-06-06,24.0,10.5,24.3
2021-06-07,0.0,27.5,0.0
2021-06-08,0.0,0.0,0.0
2021-06-09,32.0,0.0,43.7
2021-06-10,0.0,54.0,0.0
2021-06-11,0.0,0.0,0.0
2021-06-12,0.0,0.0,0.0
2021-06-13,39.0,1.5,4.7
2021-06-14,0.0,0.0,0.0
2021-06-15,37.0,12.5,9.5
2021-06-16,0.0,25.0,31.0
2021-06-17,37.0,0.0,0.0
2021-06-18,0.0,0.0,0.0
2021-06-19,0.0,0.0,0.0
2021-06-20,0.0,0.0,0.0
2021-06-21,8.0,7.0,0.0
2021-06-22,40.0,9.5,7.5
2021-06-23,0.0,35.0,19.5
2021-06-24,0.0,0.0,0.0
2021-06-25,15.0,0.0,0.0
2021-06-26,26.0,56.0,42.5
2021-06-27,0.0,61.0,6.8
2021-06-28,86.0,41.0,3.0
2021-06-29,0.0,5.0,5.5
2021-06-30,19.0,1.0,0.7
2021-07-01,0.0,0.0,0.0
2021-07-02,0.0,0.0,0.0
2021-07-03,0.0,0.0,0.0
2021-07-04,25.0,1.5,12.0
2021-07-05,17.0,49.0,30.0
2021-07-06,6.0,13.0,12.0
2021-07-07,3.0,4.0,1.0
2021-07-08,0.0,0.0,0.0
2021-07-09,0.0,2.0,4.0
2021-07-10,1.0,6.5,2.0
2021-07-11,0.0,1.0,1.0
2021-07-12,23.0,4.0,2.0
2021-07-13,50.0,56.0,80.0
2021-07-14,0.0,3.0,0.0
2021-07-15,0.0,0.0,0.0
2021-07-16,0.0,0.0,0.0
2021-07-17,0.0,0.0,0.0
2021-07-18,0.0,0.0,0.0
2021-07-19,10.0,5.5,0.0
2021-07-20,0.0,0.0,0.0
2021-07-21,0.0,0.0,0.0
2021-07-22,0.0,0.0,0.0
2021-07-23,0.0,0.0,0.0
2021-07-24,0.0,0.0,0.0
2021-07-25,0.0,0.0,0.0
2021-07-26,0.0,0.0,0.0
2021-07-27,9.0,0.0,0.0
2021-07-28,0.0,18.0,3.0
2021-07-29,30.0,1.0,0.0
2021-07-30,25.0,47.0,85.0
2021-07-31,0.0,1.0,0.0
2021-08-01,17.0,28.0,11.5
2021-08-02,8.0,19.5,31.7
2021-08-03,0.0,0.0,0.0
2021-08-04,8.0,42.0,46.6
2021-08-05,10.0,4.0,5.6
2021-08-06,0.0,22.0,0.0
2021-08-07,0.0,0.0,0.0
2021-08-08,0.0,5.5,9.5
2021-08-09,50.0,0.0,1.5
2021-08-10,35.0,23.0,29.9
2021-08-11,15.0,7.0,13.5
2021-08-12,59.0,7.0,10.5
2021-08-13,42.0,3.0,20.8
2021-08-14,0.0,0.0,6.9
2021-08-15,37.0,35.0,38.6
2021-08-16,32.0,11.0,6.2
2021-08-17,23.0,17.0,9.0
2021-08-18,41.0,68.0,17.5
2021-08-19,135.0,146.0,130.0
2021-08-20,0.0,0.0,0.0
2021-08-21,0.0,0.0,0.0
2021-08-22,0.0,0.0,0.0
2021-08-23,7.0,8.0,33.0
2021-08-24,8.0,46.0,19.2
2021-08-25,3.0,0.0,0.0
2021-08-26,0.0,0.0,0.0
2021-08-27,0.0,0.0,0.0
2021-08-28,0.0,0.0,1.5
2021-08-29,0.0,0.0,0.0
2021-08-30,0.0,0.0,0.0
2021-08-31,1.0,3.0,0.9
2021-09-01,3.0,20.0,21.0
2021-09-02,27.0,1.0,0.0
2021-09-03,33.0,0.0,0.0
2021-09-04,3.0,2.5,3.0
2021-09-05,1.0,1.0,0.0
2021-09-06,0.0,23.0,32.0
2021-09-07,0.0,30.0,13.0
2021-09-08,24.0,0.0,2.0
2021-09-09,40.0,4.0,3.0
2021-09-10,0.0,3.0,4.0
2021-09-11,0.0,0.0,
2021-09-12,0.0,0.0,
2021-09-13,5.0,1.0,
2021-09-14,0.0,0.0,
2021-09-15,0.0,0.0,
2021-09-16,0.0,0.0,
2021-09-17,0.0,0.0,
2021-09-18,16.0,8.5,
2021-09-19,92.0,64.0,
2021-09-20,0.0,0.0,
2021-09-21,0.0,13.0,20.0
2021-09-22,0.0,9.0,2.0
2021-09-23,0.0,0.0,1.0
2021-09-24,0.0,0.0,0.0
2021-09-25,20.0,7.0,5.0
2021-09-26,5.0,0.0,0.0
2021-09-27,0.0,39.0,35.0
2021-09-28,35.0,0.0,2.0
2021-09-29,105.0,137.0,142.0
2021-09-30,155.0,201.5,222.0
2021-10-01,0.0,16.0,12.7
2021-10-02,0.0,0.0,0.8
2021-10-03,0.0,0.0,0.0
2021-10-04,0.0,0.0,0.0
2021-10-05,,0.0,0.0
2021-10-06,0.0,0.0,0.0
2021-10-07,3.1,17.0,8.2
2021-10-08,4.6,2.5,8.8
2021-10-09,25.0,0.0,0.0
2021-10-10,1.5,9.0,5.3
2021-10-11,19.2,36.0,26.7
2021-10-12,0.0,0.0,0.0
2021-10-13,0.0,0.0,0.0
2021-10-14,0.0,14.0,10.0
2021-10-15,0.0,0.0,1.4
2021-10-16,0.0,0.0,0.0
2021-10-17,0.0,0.0,0.0
2021-10-18,13.0,3.0,4.5
2021-10-19,40.2,27.0,23.8
2021-10-20,0.0,0.0,0.0
2021-10-21,0.0,7.0,15.5
2021-10-22,5.3,0.0,1.5
2021-10-23,8.0,3.0,1.2
2021-10-24,18.5,23.5,10.0
2021-10-25,35.2,74.0,60.0
2021-10-26,30.0,3.0,3.5
2021-10-27,81.2,26.0,48.8
2021-10-28,3.0,0.0,4.9
2021-10-29,0.0,0.0,1.6
2021-10-30,14.6,0.0,12.7
2021-10-31,127.8,48.0,52.4
2021-11-01,18.5,13.0,11.7
2021-11-02,0.0,13.0,0.7
2021-11-03,16.3,19.0,14.8
2021-11-04,52.7,13.0,25.2
2021-11-05,72.5,101.0,81.5
2021-11-06,20.3,16.0,13.4
2021-11-07,31.5,47.0,35.0
2021-11-08,27.0,19.0,16.8
2021-11-09,32.8,9.0,5.0
2021-11-10,18.2,3.0,4.5
2021-11-11,12.8,14.5,7.7
2021-11-12,0.0,0.0,0.0
2021-11-13,0.0,0.0,3.4
2021-11-14,0.0,0.0,0.0
2021-11-15,0.0,0.0,0.0
2021-11-16,0.0,0.0,0.0
2021-11-17,12.5,0.0,0.0
2021-11-18,0.0,22.0,9.3
2021-11-19,0.0,0.0,0.0
2021-11-20,0.0,0.0,0.0
2021-11-21,8.0,12.0,3.8
2021-11-22,19.3,10.0,7.9
2021-11-23,0.0,0.0,0.0
2021-11-24,13.7,4.0,15.7
2021-11-25,0.0,0.0,0.5
2021-11-26,18.3,0.0,0.0
2021-11-27,4.0,17.0,14.6
2021-11-28,0.0,0.0,0.8
2021-11-29,0.0,0.0,0.0
2021-11-30,0.0,6.0,2.8
2021-12-01,19.0,16.0,8.9
2021-12-02,8.7,1.0,6.3
2021-12-03,0.0,0.0,0.0
2021-12-04,0.0,0.0,0.0
2021-12-05,22.3,19.0,28.7
2021-12-06,12.5,14.0,17.6
2021-12-07,0.0,0.0,0.0
2021-12-08,0.0,0.0,0.0
2021-12-09,17.0,0.0,1.9
2021-12-10,31.0,70.0,46.0
2021-12-11,0.0,2.0,2.3
2021-12-12,32.4,0.0,24.0
2021-12-13,14.0,0.0,29.2
2021-12-14,0.0,3.0,0.0
2021-12-15,23.8,23.0,32.0
2021-12-16,17.5,2.0,17.0
2021-12-17,32.3,38.0,30.3
2021-12-18,217.8,236.0,192.3
2021-12-19,52.5,49.0,38.5
2021-12-20,22.1,37.0,48.3
2021-12-21,1.5,0.0,2.0
2021-12-22,0.0,2.0,2.1
2021-12-23,59.5,73.0,44.5
2021-12-24,12.3,0.0,1.5
2021-12-25,8.5,0.0,0.0
2021-12-26,0.0,0.0,0.0
2021-12-27,0.0,28.0,45.0
2021-12-28,0.0,0.0,0.0
2021-12-29,0.0,0.0,0.0
2021-12-30,0.0,0.0,0.0
2021-12-31,17.7,81.0,65.3
2022-01-01,2.0,4.0,3.0
2022-01-02,7.0,9.5,10.0
2022-01-03,0.0,0.0,0.0
2022-01-04,0.0,0.0,0.0
2022-01-05,0.0,0.0,0.0
2022-01-06,0.0,0.0,0.0
2022-01-07,0.0,3.0,1.0
2022-01-08,0.0,0.0,0.0
2022-01-09,1.0,2.0,1.0
2022-01-10,20.0,35.0,6.0
2022-01-11,0.0,0.0,20.0
2022-01-12,0.0,0.0,0.0
2022-01-13,0.0,0.0,0.0
2022-01-14,15.0,9.0,2.0
2022-01-15,0.0,0.0,0.0
2022-01-16,0.0,0.0,0.0
2022-01-17,20.0,16.0,5.0
2022-01-18,5.0,3.0,2.0
2022-01-19,7.0,1.0,3.0
2022-01-20,25.0,14.0,17.0
2022-01-21,25.0,11.0,9.0
2022-01-22,43.0,7.0,0.0
2022-01-23,57.0,37.0,24.0
2022-01-24,4.0,16.0,59.0
2022-01-25,5.0,2.0,4.0
2022-01-26,0.0,0.0,0.0
2022-01-27,0.0,0.0,0.0
2022-01-28,0.0,0.0,0.0
2022-01-29,0.0,0.0,0.0
2022-01-30,0.0,49.0,38.0
2022-01-31,12.0,8.5,12.0
2022-02-01,20.0,2.0,1.0
2022-02-02,48.0,2.5,5.0
2022-02-03,0.0,0.0,0.0
2022-02-04,0.0,0.0,0.0
2022-02-05,51.0,82.0,27.0
2022-02-06,32.0,43.0,32.0
2022-02-07,0.0,0.0,0.0
2022-02-08,0.0,0.0,0.0
2022-02-09,0.0,0.0,0.0
2022-02-10,0.0,0.0,0.0
2022-02-11,2.0,0.0,0.0
2022-02-12,0.0,0.0,0.0
2022-02-13,0.0,0.0,0.0
2022-02-14,0.0,0.0,0.0
2022-02-15,0.0,0.0,0.0
2022-02-16,1.0,2.0,4.0
2022-02-17,13.0,9.0,6.0
2022-02-18,0.0,0.0,0.0
2022-02-19,0.0,0.0,0.0
2022-02-20,0.0,0.0,0.0
2022-02-21,0.0,0.0,0.0
2022-02-22,0.0,0.0,0.0
2022-02-23,0.0,0.0,0.0
2022-02-24,0.0,0.0,0.0
2022-02-25,0.0,0.0,0.0
2022-02-26,0.0,0.0,0.0
2022-02-27,3.0,0.0,0.0
2022-02-28,0.0,0.0,0.0
2022-03-01,42.0,19.0,50.0
2022-03-02,3.0,6.0,2.0
2022-03-03,3.0,4.0,2.0
2022-03-04,5.0,2.0,6.0
2022-03-05,1.0,6.0,7.0
2022-03-06,53.0,22.0,22.0
2022-03-07,1.0,0.0,1.0
2022-03-08,17.0,0.0,0.0
2022-03-09,0.0,56.0,4.0
2022-03-10,6.0,4.0,4.0
2022-03-11,11.0,37.0,46.0
2022-03-12,6.0,6.0,2.0
2022-03-13,21.0,16.0,2.0
2022-03-14,2.0,21.0,9.0
2022-03-15,13.0,27.0,17.0
2022-03-16,1.0,0.0,1.0
2022-03-17,55.0,110.0,55.0
2022-03-18,11.0,4.0,11.0
2022-03-19,3.0,11.0,13.0
2022-03-20,10.0,0.0,12.0
2022-03-21,0.0,14.0,0.0
2022-03-22,0.0,0.0,0.0
2022-03-23,0.0,0.0,0.0
2022-03-24,0.0,0.0,0.0
2022-03-25,0.0,0.0,0.0
2022-03-26,0.0,0.0,0.0
2022-03-27,0.0,0.0,0.0
2022-03-28,0.0,0.0,0.0
2022-03-29,0.0,0.0,0.0
2022-03-30,0.0,0.0,0.0
2022-03-31,0.0,4.0,0.0
2022-04-01,0.0,0.0,0.0
2022-04-02,0.0,0.0,0.0
2022-04-03,0.0,0.0,0.0
2022-04-04,0.0,0.0,0.0
2022-04-05,0.0,0.0,0.0
2022-04-06,1.0,12.5,5.5
2022-04-07,0.0,10.0,8.0
2022-04-08,1.0,0.0,0.5
2022-04-09,0.0,0.0,2.2
2022-04-10,0.0,0.0,0.0
2022-04-11,0.0,0.0,0.0
2022-04-12,25.0,3.0,1.0
2022-04-13,0.0,0.0,0.0
2022-04-14,0.0,36.0,0.0
2022-04-15,0.0,0.0,0.0
2022-04-16,0.0,0.0,0.0
2022-04-17,0.0,0.0,0.0
2022-04-18,81.0,133.0,67.5
2022-04-19,0.0,6.0,9.8
2022-04-20,47.0,13.0,13.0
2022-04-21,22.0,23.0,32.4
2022-04-22,0.0,6.0,0.0
2022-04-23,12.0,20.0,43.0
2022-04-24,57.0,19.0,19.0
2022-04-25,52.0,141.0,69.7
2022-04-26,1.0,0.0,2.6
2022-04-27,0.0,0.0,1.0
2022-04-28,2.0,15.0,21.3
2022-04-29,0.0,0.0,0.0
2022-04-30,0.0,0.0,0.0
2022-05-01,0.0,6.0,5.0
2022-05-02,20.0,19.5,11.0
2022-05-03,0.0,47.0,45.0
2022-05-04,21.0,7.0,3.0
2022-05-05,1.0,7.5,0.0
2022-05-06,2.0,3.0,14.0
2022-05-07,3.0,3.0,8.0
2022-05-08,0.0,13.0,21.0
2022-05-09,22.0,0.0,0.0
2022-05-10,0.0,0.0,0.0
2022-05-11,0.0,0.0,1.0
2022-05-12,17.0,21.0,16.0
2022-05-13,0.0,0.0,0.0
2022-05-14,0.0,0.0,0.0
2022-05-15,0.0,0.0,0.0
2022-05-16,53.0,0.0,2.0
2022-05-17,0.0,0.0,0.0
2022-05-18,0.0,0.0,0.0
2022-05-19,0.0,0.0,0.0
2022-05-20,0.0,0.0,0.0
2022-05-21,0.0,0.0,0.0
2022-05-22,17.0,0.0,0.0
2022-05-23,0.0,0.0,0.0
2022-05-24,0.0,0.0,0.0
2022-05-25,48.0,18.0,24.7
2022-05-26,0.0,0.0,0.0
2022-05-27,0.0,0.0,2.9
2022-05-28,32.0,33.0,35.4
2022-05-29,0.0,0.0,0.8
2022-05-30,3.0,0.0,0.9
2022-05-31,0.0,0.0,0.0
2022-06-01,3.0,9.0,9.0
2022-06-02,0.0,0.0,0.0
2022-06-03,3.0,43.0,47.0
2022-06-04,0.0,0.0,0.0
2022-06-05,0.0,0.0,0.0
2022-06-06,0.0,8.5,0.0
2022-06-07,11.0,0.0,19.0
2022-06-08,0.0,7.5,12.0
2022-06-09,15.0,0.0,9.0
2022-06-10,13.0,7.0,8.0
2022-06-11,6.0,8.7,14.0
2022-06-12,178.0,87.5,154.0
2022-06-13,0.0,0.0,1.0
2022-06-14,7.0,2.0,2.0
2022-06-15,36.0,52.0,18.0
2022-06-16,25.0,14.0,28.0
2022-06-17,1.0,0.0,0.0
2022-06-18,27.0,48.0,0.0
2022-06-19,0.0,0.0,68.0
2022-06-20,33.0,9.5,13.0
2022-06-21,0.0,0.0,0.0
2022-06-22,7.0,7.5,7.8
2022-06-23,8.0,26.5,9.8
2022-06-24,57.0,27.5,34.2
2022-06-25,90.0,61.0,79.0
2022-06-26,1.0,0.0,2.5
2022-06-27,0.0,0.0,0.0
2022-06-28,0.0,25.5,12.5
2022-06-29,38.0,0.0,10.2
2022-06-30,25.0,24.5,26.5
2022-07-01,0.0,0.0,0.0
2022-07-02,0.0,0.0,0.0
2022-07-03,0.0,0.0,0.0
2022-07-04,0.0,0.0,0.0
2022-07-05,0.0,0.0,0.0
2022-07-06,0.0,0.0,0.0
2022-07-07,0.0,0.0,0.0
2022-07-08,0.0,0.0,0.0
2022-07-09,0.0,0.0,0.0
2022-07-10,0.0,0.0,1.0
2022-07-11,0.0,0.0,0.0
2022-07-12,10.0,3.5,1.5
2022-07-13,0.0,0.0,0.0
2022-07-14,0.0,0.0,0.0
2022-07-15,0.0,0.0,8.5
2022-07-16,0.0,0.0,0.0
2022-07-17,0.0,0.0,0.0
2022-07-18,0.0,0.0,0.0
2022-07-19,0.0,0.0,0.0
2022-07-20,3.0,0.0,2.0
2022-07-21,0.0,0.0,0.0
2022-07-22,28.0,11.0,1.0
2022-07-23,0.0,0.0,0.0
2022-07-24,7.0,1.0,0.0
2022-07-25,35.0,58.0,17.5
2022-07-26,75.0,82.0,88.7
2022-07-27,0.0,0.0,0.0
2022-07-28,0.0,0.0,5.5
2022-07-29,95.0,105.0,57.0
2022-07-30,40.0,41.0,44.4
2022-07-31,0.0,0.0,0.0
2022-08-01,0.0,0.0,0.0
2022-08-02,0.0,0.0,0.0
2022-08-03,84.0,4.0,11.4
2022-08-04,0.0,0.0,1.1
2022-08-05,0.0,0.0,0.0
2022-08-06,0.0,0.0,0.0
2022-08-07,0.0,0.0,0.0
2022-08-08,0.0,0.0,0.0
2022-08-09,3.0,0.0,0.0
2022-08-10,8.0,0.0,0.0
2022-08-11,0.0,0.0,0.0
2022-08-12,0.0,0.0,0.0
2022-08-13,0.0,0.0,0.0
2022-08-14,3.0,14.5,46.3
2022-08-15,6.0,5.0,17.8
2022-08-16,2.0,0.0,0.0
2022-08-17,0.0,0.0,0.0
2022-08-18,0.0,1.0,0.0
2022-08-19,25.0,0.0,13.5
2022-08-20,2.0,17.5,28.5
2022-08-21,78.0,14.0,12.5
2022-08-22,9.0,6.0,1.0
2022-08-23,0.0,0.0,0.7
2022-08-24,23.0,16.0,15.0
2022-08-25,17.0,13.0,18.3
2022-08-26,7.0,0.0,8.4
2022-08-27,0.0,0.0,0.0
2022-08-28,5.0,12.6,8.9
2022-08-29,82.0,92.0,135.7
2022-08-30,140.0,185.0,83.5
2022-08-31,4.0,1.0,0.0
2022-09-01,0.0,0.0,15.8
2022-09-02,47.0,17.5,68.3
2022-09-03,49.0,42.0,33.0
2022-09-04,0.0,0.0,0.0
2022-09-05,0.0,0.0,0.0
2022-09-06,0.0,0.0,0.0
2022-09-07,38.0,90.0,74.0
2022-09-08,34.0,0.0,2.0
2022-09-09,2.0,1.0,0.0
2022-09-10,0.0,0.0,0.0
2022-09-11,0.0,0.0,0.0
2022-09-12,0.0,58.0,0.0
2022-09-13,16.0,0.0,55.7
2022-09-14,0.0,0.0,0.0
2022-09-15,5.0,0.0,1.9
2022-09-16,0.0,0.0,0.0
2022-09-17,3.0,0.0,0.0
2022-09-18,75.0,90.0,95.5
2022-09-19,19.0,14.0,18.0
2022-09-20,0.0,0.0,0.0
2022-09-21,0.0,3.0,18.5
2022-09-22,136.0,163.5,2.0
2022-09-23,0.0,0.0,0.0
2022-09-24,22.0,21.0,0.0
2022-09-25,14.0,0.0,8.5
2022-09-26,0.0,0.0,0.0
2022-09-27,1.0,0.0,1.0
2022-09-28,10.0,53.5,2.0
2022-09-29,0.0,73.0,0.0
2022-09-30,0.0,0.0,0.0
2022-10-01,57.0,52.0,44.0
2022-10-02,95.0,85.0,111.0
2022-10-03,0.0,1.0,9.5
2022-10-04,25.0,43.5,37.5
2022-10-05,34.0,34.0,57.4
2022-10-06,0.0,1.0,1.2
2022-10-07,5.0,0.0,4.5
2022-10-08,0.0,0.0,0.0
2022-10-09,20.0,0.0,9.4
2022-10-10,0.0,1.5,1.3
2022-10-11,0.0,0.0,0.0
2022-10-12,5.0,7.5,3.5
2022-10-13,3.0,6.5,7.4
2022-10-14,3.0,1.0,0.8
2022-10-15,3.0,24.5,13.6
2022-10-16,80.0,105.5,84.0
2022-10-17,0.0,2.0,3.3
2022-10-18,0.0,0.0,0.0
2022-10-19,0.0,0.0,0.0
2022-10-20,8.0,24.5,21.8
2022-10-21,0.0,0.0,1.3
2022-10-22,12.0,5.0,4.1
2022-10-23,0.0,0.0,0.0
2022-10-24,4.0,14.0,13.7
2022-10-25,28.0,67.5,57.3
2022-10-26,7.0,16.5,20.0
2022-10-27,52.0,0.0,21.4
2022-10-28,0.0,0.0,4.3
2022-10-29,0.0,0.0,1.0
2022-10-30,12.0,0.0,11.8
2022-10-31,59.0,0.0,53.8
2022-11-01,0.0,143.0,1.8
2022-11-02,0.0,7.0,4.6
2022-11-03,7.0,9.0,13.5
2022-11-04,75.0,38.0,17.5
2022-11-05,15.0,27.0,32.4
2022-11-06,0.0,0.0,0.0
2022-11-07,28.0,18.0,26.8
2022-11-08,0.0,1.0,1.0
2022-11-09,0.0,2.0,2.2
2022-11-10,28.0,11.0,9.0
2022-11-11,22.0,6.0,3.6
2022-11-12,135.0,150.0,135.0
2022-11-13,0.0,29.0,14.3
2022-11-14,39.0,22.0,14.0
2022-11-15,48.0,33.0,23.3
2022-11-16,13.0,0.0,16.3
2022-11-17,144.0,179.0,165.0
2022-11-18,8.0,38.0,38.0
2022-11-19,15.0,17.0,38.4
2022-11-20,6.0,9.0,8.0
2022-11-21,11.0,27.0,18.6
2022-11-22,16.0,33.0,13.0
2022-11-23,86.0,81.0,43.8
2022-11-24,0.0,24.5,31.5
2022-11-25,60.0,66.0,46.7
2022-11-26,2.0,8.0,7.0
2022-11-27,0.0,0.0,0.0
2022-11-28,0.0,0.0,0.0
2022-11-29,15.0,15.0,3.4
2022-11-30,0.0,0.0,1.0
2022-12-01,11.0,76.0,
2022-12-02,35.0,36.0,
2022-12-03,12.0,13.5,
2022-12-04,48.0,36.0,
2022-12-05,5.0,46.0,
2022-12-06,0.0,0.0,
2022-12-07,0.0,7.5,
2022-12-08,0.0,4.5,
2022-12-09,5.0,18.0,
2022-12-10,16.0,25.0,
2022-12-11,0.0,38.0,27.0
2022-12-12,98.0,58.0,58.0
2022-12-13,4.0,6.5,5.0
2022-12-14,25.0,21.5,18.0
2022-12-15,0.0,0.0,0.0
2022-12-16,0.0,0.0,0.0
2022-12-17,0.0,0.0,0.0
2022-12-18,0.0,0.0,0.0
2022-12-19,0.0,0.0,0.0
2022-12-20,0.0,1.0,0.0
2022-12-21,0.0,0.0,0.0
2022-12-22,31.0,26.0,0.0
2022-12-23,0.0,13.0,0.0
2022-12-24,0.0,0.0,0.0
2022-12-25,0.0,0.0,0.0
2022-12-26,0.0,0.0,0.0
2022-12-27,0.0,0.0,0.0
2022-12-28,20.0,3.0,9.0
2022-12-29,15.0,0.0,1.0
2022-12-30,4.0,13.0,46.0
2022-12-31,58.0,46.0,9.0
2023-01-01,0.0,0.0,40.0
2023-01-02,0.0,0.0,20.1
2023-01-03,0.0,8.5,6.8
2023-01-04,0.0,0.0,119.5
2023-01-05,0.0,0.0,0.8
2023-01-06,0.0,12.5,0.0
2023-01-07,5.0,20.0,29.0
2023-01-08,31.0,33.0,21.9
2023-01-09,0.0,2.0,5.7
2023-01-10,0.0,0.0,0.0
2023-01-11,7.0,2.0,0.0
2023-01-12,0.0,0.0,0.0
2023-01-13,0.0,0.0,0.0
2023-01-14,0.0,0.0,0.0
2023-01-15,7.0,7.0,0.0
2023-01-16,6.0,2.0,9.4
2023-01-17,0.0,6.0,5.6
2023-01-18,40.0,2.0,0.0
2023-01-19,14.0,10.5,0.0
2023-01-20,0.0,2.0,0.5
2023-01-21,40.0,47.0,40.0
2023-01-22,0.0,1.0,20.1
2023-01-23,7.0,9.0,6.8
2023-01-24,146.0,105.0,119.5
2023-01-25,0.0,0.0,0.8
2023-01-26,0.0,0.0,0.0
2023-01-27,86.0,32.5,29.0
2023-01-28,40.0,35.0,21.9
2023-01-29,3.0,3.0,5.7
2023-01-30,0.0,0.0,0.0
2023-01-31,0.0,0.0,0.0
2023-02-01,4.0,0.0,22.3
2023-02-02,0.0,0.0,0.0
2023-02-03,0.0,0.0,0.0
2023-02-04,6.0,19.0,11.8
2023-02-05,12.0,9.0,6.5
2023-02-06,13.0,19.0,11.1
2023-02-07,0.0,0.0,0.0
2023-02-08,0.0,0.0,0.0
2023-02-09,54.0,26.0,14.8
2023-02-10,3.0,1.0,2.4
2023-02-11,0.0,1.0,0.0
2023-02-12,33.0,35.0,34.0
2023-02-13,0.0,22.0,10.0
2023-02-14,33.0,0.0,0.0
2023-02-15,21.0,0.0,0.0
2023-02-16,0.0,0.0,0.0
2023-02-17,0.0,0.0,0.0
2023-02-18,0.0,0.0,0.0
2023-02-19,0.0,0.0,2.0
2023-02-20,20.0,0.0,0.0
2023-02-21,26.0,0.0,5.5
2023-02-22,15.0,4.0,0.0
2023-02-23,28.0,7.0,29.6
2023-02-24,11.0,41.0,60.0
2023-02-25,13.0,2.0,2.9
2023-02-26,0.0,0.0,0.0
2023-02-27,0.0,0.0,0.0
2023-02-28,4.0,4.5,0.0
2023-03-01,13.0,12.0,30.0
2023-03-02,0.0,0.0,0.0
2023-03-03,31.0,17.0,27.0
2023-03-04,0.0,0.0,0.0
2023-03-05,0.0,0.0,0.0
2023-03-06,0.0,0.0,0.0
2023-03-07,0.0,0.0,0.0
2023-03-08,0.0,0.0,0.0
2023-03-09,0.0,0.0,0.0
2023-03-10,5.0,2.0,0.0
2023-03-11,0.0,19.5,1.0
2023-03-12,41.0,31.0,17.0
2023-03-13,0.0,0.0,0.0
2023-03-14,24.0,15.0,0.0
2023-03-15,28.0,1.0,4.0
2023-03-16,27.0,7.0,4.0
2023-03-17,0.0,0.0,0.0
2023-03-18,29.0,0.0,3.0
2023-03-19,12.0,8.0,0.0
2023-03-20,0.0,0.0,0.0
2023-03-21,17.0,20.0,
2023-03-22,0.0,0.0,
2023-03-23,6.0,9.5,
2023-03-24,13.0,4.5,
2023-03-25,106.0,154.0,
2023-03-26,0.0,0.0,
2023-03-27,0.0,0.0,
2023-03-28,0.0,0.0,
2023-03-29,16.0,9.0,
2023-03-30,2.0,1.0,
2023-03-31,65.0,67.0,
2023-04-01,57.0,97.0,32.0
2023-04-02,26.0,21.0,13.0
2023-04-03,3.0,15.5,19.0
2023-04-04,0.0,0.0,0.0
2023-04-05,31.0,16.5,27.0
2023-04-06,16.0,4.0,10.0
2023-04-07,0.0,0.0,1.0
2023-04-08,0.0,0.0,0.0
2023-04-09,9.0,9.0,8.0
2023-04-10,0.0,0.0,0.0
2023-04-11,0.0,0.0,0.0
2023-04-12,0.0,0.0,0.0
2023-04-13,0.0,0.0,0.0
2023-04-14,0.0,0.0,0.0
2023-04-15,84.0,17.5,32.0
2023-04-16,2.0,5.0,11.0
2023-04-17,1.0,23.0,1.0
2023-04-18,0.0,0.0,0.0
2023-04-19,0.0,0.0,0.0
2023-04-20,0.0,0.0,0.0
2023-04-21,0.0,8.0,5.0
2023-04-22,0.0,8.5,9.0
2023-04-23,0.0,0.0,0.0
2023-04-24,0.0,0.0,0.0
2023-04-25,0.0,1.5,2.0
2023-04-26,0.0,32.0,5.0
2023-04-27,0.0,26.0,32.0
2023-04-28,2.0,2.5,4.0
2023-04-29,145.0,92.0,61.0
2023-04-30,0.0,0.0,0.0
2023-05-01,0.0,0.0,0.0
2023-05-02,0.0,2.5,0.0
2023-05-03,0.0,0.0,6.0
2023-05-04,0.0,0.0,1.0
2023-05-05,0.0,0.0,1.0
2023-05-06,36.0,61.0,81.0
2023-05-07,145.0,146.0,154.0
2023-05-08,16.0,17.0,17.0
2023-05-09,38.0,35.0,24.0
2023-05-10,0.0,0.0,0.0
2023-05-11,0.0,2.0,1.0
2023-05-12,0.0,0.0,0.0
2023-05-13,0.0,0.0,0.0
2023-05-14,0.0,0.0,0.0
2023-05-15,2.0,0.0,0.0
2023-05-16,0.0,0.0,0.0
2023-05-17,0.0,0.0,0.0
2023-05-18,4.0,0.0,3.0
2023-05-19,16.0,5.5,4.0
2023-05-20,2.0,0.0,1.0
2023-05-21,0.0,0.0,0.0
2023-05-22,0.0,0.0,0.0
2023-05-23,0.0,1.5,1.2
2023-05-24,0.0,2.0,1.5
2023-05-25,0.0,0.0,0.0
2023-05-26,0.0,0.0,0.0
2023-05-27,0.0,0.0,0.0
2023-05-28,0.0,1.0,1.0
2023-05-29,32.0,27.0,7.3
2023-05-30,3.0,0.0,0.0
2023-05-31,46.0,27.0,15.0
2023-06-01,33.0,12.5,29.0
2023-06-02,0.0,0.0,1.0
2023-06-03,0.0,0.0,0.0
2023-06-04,0.0,0.0,2.5
2023-06-05,0.0,0.0,0.0
2023-06-06,4.0,2.0,5.4
2023-06-07,0.0,0.0,0.0
2023-06-08,0.0,0.0,0.0
2023-06-09,0.0,0.0,0.0
2023-06-10,48.0,34.0,52.5
2023-06-11,0.0,0.0,0.0
2023-06-12,0.0,0.0,0.0
2023-06-13,13.0,0.0,0.0
2023-06-14,7.0,3.0,3.0
2023-06-15,0.0,0.0,0.0
2023-06-16,0.0,0.0,0.0
2023-06-17,0.0,0.0,0.0
2023-06-18,3.0,8.5,3.0
2023-06-19,0.0,0.0,0.0
2023-06-20,0.0,12.0,1.0
2023-06-21,0.0,0.0,1.0
2023-06-22,0.0,0.0,0.0
2023-06-23,3.0,10.0,9.0
2023-06-24,38.0,132.0,0.0
2023-06-25,0.0,0.0,2.0
2023-06-26,33.0,16.0,65.0
2023-06-27,2.0,2.0,1.0
2023-06-28,0.0,1.0,2.0
2023-06-29,4.0,1.0,0.0
2023-06-30,3.0,26.0,11.0
2023-07-01,63.0,47.0,42.8
2023-07-02,0.0,0.0,0.0
2023-07-03,0.0,0.0,0.0
2023-07-04,11.0,2.5,0.0
2023-07-05,31.0,17.0,6.1
2023-07-06,11.0,22.5,17.5
2023-07-07,18.0,17.5,3.7
2023-07-08,2.0,3.0,1.3
2023-07-09,0.0,0.0,1.4
2023-07-10,11.0,1.5,1.0
2023-07-11,11.0,14.5,7.0
2023-07-12,0.0,0.0,0.0
2023-07-13,96.0,21.0,19.0
2023-07-14,145.0,434.0,375.0
2023-07-15,2.0,14.0,22.4
2023-07-16,0.0,0.0,0.0
2023-07-17,0.0,0.0,0.0
2023-07-18,8.0,4.0,3.6
2023-07-19,5.0,0.0,1.6
2023-07-20,7.0,0.0,0.0
2023-07-21,42.0,45.0,37.1
2023-07-22,0.0,0.0,0.0
2023-07-23,0.0,0.0,0.0
2023-07-24,7.0,13.0,3.2
2023-07-25,0.0,0.0,0.0
2023-07-26,0.0,0.0,0.0
2023-07-27,0.0,0.0,0.0
2023-07-28,0.0,0.0,0.0
2023-07-29,0.0,0.0,0.0
2023-07-30,0.0,0.0,0.0
2023-07-31,0.0,0.0,0.0
2023-08-01,0.0,0.0,0.0
2023-08-02,133.0,96.0,0.0
2023-08-03,0.0,0.0,0.0
2023-08-04,0.0,0.0,0.0
2023-08-05,36.0,61.0,5.5
2023-08-06,9.0,0.0,14.8
2023-08-07,5.0,2.0,0.0
2023-08-08,0.0,0.0,0.0
2023-08-09,96.0,49.0,0.0
2023-08-10,12.0,10.0,0.0
2023-08-11,17.0,72.0,42.5
2023-08-12,0.0,0.0,0.0
2023-08-13,31.0,1.0,0.0
2023-08-14,34.0,4.0,1.9
2023-08-15,22.0,20.0,17.0
2023-08-16,0.0,0.0,0.0
2023-08-17,0.0,0.0,0.0
2023-08-18,145.0,130.0,129.0
2023-08-19,0.0,0.0,0.0
2023-08-20,0.0,0.0,0.0
2023-08-21,28.0,7.0,9.1
2023-08-22,0.0,0.0,0.0
2023-08-23,11.0,6.5,2.0
2023-08-24,0.0,0.0,8.5
2023-08-25,0.0,0.0,0.0
2023-08-26,24.0,91.0,59.0
2023-08-27,65.0,58.0,47.8
2023-08-28,2.0,5.0,3.0
2023-08-29,0.0,0.0,0.0
2023-08-30,0.0,0.0,0.0
2023-08-31,0.0,0.0,0.0
2023-09-01,0.0,0.0,0.0
2023-09-02,0.0,0.0,0.0
2023-09-03,0.0,0.0,0.0
2023-09-04,2.0,0.0,0.0
2023-09-05,0.0,7.0,6.0
2023-09-06,131.0,80.0,15.0
2023-09-07,15.0,17.0,0.0
2023-09-08,0.0,0.0,0.0
2023-09-09,0.0,0.0,0.0
2023-09-10,8.0,1.5,3.0
2023-09-11,0.0,0.0,1.0
2023-09-12,0.0,0.0,0.0
2023-09-13,0.0,0.0,0.0
2023-09-14,0.0,0.0,0.0
2023-09-15,0.0,0.0,0.0
2023-09-16,0.0,0.0,0.0
2023-09-17,0.0,2.0,4.0
2023-09-18,38.0,0.0,1.0
2023-09-19,0.0,0.0,0.0
2023-09-20,8.0,8.0,6.0
2023-09-21,88.0,56.0,11.0
2023-09-22,4.0,15.0,2.0
2023-09-23,0.0,0.0,0.0
2023-09-24,0.0,0.0,0.0
2023-09-25,0.0,0.0,0.0
2023-09-26,0.0,0.0,0.0
2023-09-27,0.0,0.0,0.0
2023-09-28,0.0,0.0,0.0
2023-09-29,0.0,0.0,0.0
2023-09-30,0.0,0.0,0.0
2023-10-01,0.0,0.0,0.0
2023-10-02,0.0,0.0,0.0
2023-10-03,0.0,0.0,0.0
2023-10-04,0.0,0.0,0.0
2023-10-05,5.0,0.0,0.0
2023-10-06,0.0,1.0,0.0
2023-10-07,0.0,0.0,0.0
2023-10-08,0.0,0.0,0.0
2023-10-09,2.0,0.0,0.0
2023-10-10,0.0,0.0,0.0
2023-10-11,0.0,1.0,4.0
2023-10-12,11.0,1.0,1.0
2023-10-13,19.0,6.5,18.0
2023-10-14,0.0,2.0,0.0
2023-10-15,0.0,0.0,0.0
2023-10-16,18.0,1.0,2.0
2023-10-17,0.0,1.0,2.0
2023-10-18,0.0,0.0,0.0
2023-10-19,0.0,0.0,0.0
2023-10-20,2.0,0.0,0.0
2023-10-21,2.0,2.0,3.0
2023-10-22,3.0,2.0,4.0
2023-10-23,10.0,6.0,7.0
2023-10-24,1.0,12.0,1.0
2023-10-25,12.0,14.0,40.0
2023-10-26,5.0,12.0,2.0
2023-10-27,22.0,7.0,12.0
2023-10-28,0.0,0.0,0.0
2023-10-29,0.0,0.0,0.0
2023-10-30,4.0,0.0,1.0
2023-10-31,1.0,0.0,0.0
2023-11-01,0.0,3.0,7.0
2023-11-02,10.0,13.0,17.0
2023-11-03,52.0,11.0,114.0
2023-11-04,1.0,14.5,1.0
2023-11-05,24.0,6.0,18.0
2023-11-06,3.0,10.0,3.0
2023-11-07,26.0,2.0,10.0
2023-11-08,41.0,16.0,18.0
2023-11-09,0.0,6.0,0.0
2023-11-10,29.0,3.0,18.0
2023-11-11,2.0,2.0,3.0
2023-11-12,0.0,1.0,3.0
2023-11-13,1.0,0.0,2.0
2023-11-14,0.0,0.0,0.0
2023-11-15,9.0,0.0,1.0
2023-11-16,7.0,0.0,7.0
2023-11-17,7.0,0.0,1.0
2023-11-18,0.0,0.0,1.0
2023-11-19,0.0,0.0,1.0
2023-11-20,0.0,0.0,0.0
2023-11-21,0.0,0.0,0.0
2023-11-22,0.0,0.0,0.0
2023-11-23,0.0,0.0,0.0
2023-11-24,1.0,0.0,1.0
2023-11-25,10.0,10.0,11.0
2023-11-26,0.0,0.0,1.0
2023-11-27,0.0,1.0,8.0
2023-11-28,0.0,0.0,0.0
2023-11-29,1.0,0.0,0.0
2023-11-30,0.0,0.0,0.0
2023-12-01,0.0,0.0,0.0
2023-12-02,24.0,84.5,25.0
2023-12-03,1.0,1.0,1.5
2023-12-04,12.0,1.5,3.6
2023-12-05,1.0,1.0,2.3
2023-12-06,2.0,1.0,1.6
2023-12-07,0.0,1.0,1.5
2023-12-08,3.0,0.0,0.0
2023-12-09,0.0,0.0,1.4
2023-12-10,0.0,3.0,1.4
2023-12-11,0.0,0.0,0.0
2023-12-12,0.0,0.0,0.0
2023-12-13,0.0,0.0,0.0
2023-12-14,12.0,44.5,8.0
2023-12-15,0.0,0.0,0.0
2023-12-16,0.0,0.0,0.0
2023-12-17,0.0,0.0,0.0
2023-12-18,18.0,15.0,20.6
2023-12-19,29.0,16.0,26.3
2023-12-20,29.0,29.0,8.6
2023-12-21,10.0,31.0,1.0
2023-12-22,4.0,7.0,16.4
2023-12-23,0.0,0.0,0.0
2023-12-24,0.0,0.0,0.0
2023-12-25,3.0,0.0,0.0
2023-12-26,2.0,10.5,9.0
2023-12-27,0.0,0.0,0.0
2023-12-28,0.0,0.0,0.0
2023-12-29,0.0,0.0,4.5
2023-12-30,37.0,19.0,34.0
2023-12-31,0.0,0.0,2.0
2024-01-01,111.0,51.0,55.0
2024-01-02,0.0,2.0,1.0
2024-01-03,35.0,70.0,33.0
2024-01-04,20.0,20.0,14.0
2024-01-05,0.0,0.0,0.0
2024-01-06,15.0,71.0,29.0
2024-01-07,45.0,120.0,95.0
2024-01-08,0.0,0.0,0.0
2024-01-09,8.0,5.0,1.0
2024-01-10,32.0,28.0,14.0
2024-01-11,109.0,53.0,41.0
2024-01-12,5.0,1.0,1.0
2024-01-13,12.0,7.0,16.0
2024-01-14,0.0,0.0,0.0
2024-01-15,1.0,3.0,6.0
2024-01-16,13.0,3.0,24.0
2024-01-17,0.0,0.0,1.0
2024-01-18,18.0,37.0,36.0
2024-01-19,31.0,25.0,14.0
2024-01-20,48.0,26.0,9.0
2024-01-21,0.0,0.0,0.0
2024-01-22,0.0,0.0,0.0
2024-01-23,0.0,0.0,0.0
2024-01-24,0.0,0.0,0.0
2024-01-25,0.0,0.0,0.0
2024-01-26,0.0,0.0,0.0
2024-01-27,0.0,0.0,0.0
2024-01-28,0.0,0.0,0.0
2024-01-29,5.0,19.0,10.0
2024-01-30,0.0,4.0,2.0
2024-01-31,0.0,0.0,0.0
2024-02-01,0.0,8.0,1.0
2024-02-02,78.0,5.5,0.0
2024-02-03,25.0,4.5,37.0
2024-02-04,58.0,13.0,7.0
2024-02-05,0.0,0.0,0.0
2024-02-06,5.0,7.5,7.0
2024-02-07,0.0,0.0,0.0
2024-02-08,0.0,0.0,4.0
2024-02-09,55.0,31.0,5.0
2024-02-10,8.0,31.0,17.0
2024-02-11,106.0,44.0,22.0
2024-02-12,0.0,1.0,0.0
2024-02-13,0.0,0.0,0.0
2024-02-14,0.0,0.0,0.0
2024-02-15,1.0,2.0,3.0
2024-02-16,0.0,1.0,3.0
2024-02-17,3.0,1.0,4.0
2024-02-18,0.0,0.0,0.0
2024-02-19,0.0,0.0,0.0
2024-02-20,3.0,2.0,5.0
2024-02-21,115.0,117.0,31.0
2024-02-22,0.0,0.0,33.0
2024-02-23,3.0,0.0,1.0
2024-02-24,4.0,0.0,3.0
2024-02-25,28.0,8.0,9.0
2024-02-26,0.0,0.0,0.0
2024-02-27,0.0,0.0,0.0
2024-02-28,0.0,4.0,7.0
2024-02-29,0.0,0.0,0.0
2024-03-01,0.0,0.0,0.0
2024-03-02,0.0,23.0,22.0
2024-03-03,2.0,1.0,8.0
2024-03-04,5.0,6.0,22.0
2024-03-05,2.0,3.0,7.0
2024-03-06,8.0,13.0,17.0
2024-03-07,1.0,1.0,2.0
2024-03-08,121.0,105.0,296.0
2024-03-09,27.0,130.0,30.0
2024-03-10,3.0,75.0,5.0
2024-03-11,1.0,11.0,49.0
2024-03-12,0.0,0.0,2.0
2024-03-13,8.0,4.5,2.0
2024-03-14,0.0,0.0,0.0
2024-03-15,0.0,0.0,0.0
2024-03-16,0.0,0.0,0.0
2024-03-17,0.0,0.0,0.0
2024-03-18,0.0,0.0,0.0
2024-03-19,0.0,0.0,0.0
2024-03-20,0.0,0.0,0.0
2024-03-21,0.0,0.0,0.0
2024-03-22,0.0,0.0,0.0
2024-03-23,0.0,0.0,0.0
2024-03-24,13.0,0.0,2.0
2024-03-25,41.0,8.0,23.0
2024-03-26,35.0,15.0,15.0
2024-03-27,10.0,3.0,2.0
2024-03-28,5.0,2.0,2.0
2024-03-29,13.0,0.0,0.0
2024-03-30,6.0,50.0,26.0
2024-03-31,3.0,25.0,62.0
2024-04-01,1.0,2.5,8.0
2024-04-02,16.0,14.5,20.0
2024-04-03,9.0,15.0,5.0
2024-04-04,2.0,2.0,3.0
2024-04-05,2.0,1.0,2.0
2024-04-06,13.0,33.5,12.0
2024-04-07,0.0,4.5,0.0
2024-04-08,7.0,0.0,6.0
2024-04-09,3.0,1.0,1.0
2024-04-10,44.0,35.0,27.0
2024-04-11,12.0,0.0,7.0
2024-04-12,0.0,0.0,0.0
2024-04-13,0.0,0.0,24.0
2024-04-14,4.0,0.0,1.0
2024-04-15,0.0,0.0,0.0
2024-04-16,11.0,0.0,0.0
2024-04-17,36.0,32.0,38.0
2024-04-18,10.0,3.0,1.0
2024-04-19,10.0,0.0,0.0
2024-04-20,2.0,13.5,1.0
2024-04-21,12.0,24.0,17.0
2024-04-22,0.0,1.0,0.0
2024-04-23,17.0,12.5,10.0
2024-04-24,2.0,0.0,3.0
2024-04-25,0.0,2.0,1.0
2024-04-26,67.0,42.0,23.0
2024-04-27,27.0,8.5,10.0
2024-04-28,9.0,5.5,23.0
2024-04-29,0.0,0.0,0.0
2024-04-30,0.0,0.0,0.0
2024-05-01,13.0,2.0,2.0
2024-05-02,0.0,0.0,0.0
2024-05-03,23.0,1.0,0.0
2024-05-04,65.0,39.0,64.0
2024-05-05,0.0,8.5,3.0
2024-05-06,0.0,0.0,1.0
2024-05-07,2.0,14.0,9.0
2024-05-08,10.0,11.0,3.0
2024-05-09,0.0,0.0,0.0
2024-05-10,0.0,0.0,0.0
2024-05-11,33.0,3.0,31.0
2024-05-12,54.0,64.5,29.0
2024-05-13,23.0,20.0,14.0
2024-05-14,0.0,0.0,1.0
2024-05-15,14.0,4.0,4.0
2024-05-16,0.0,9.0,0.0
2024-05-17,6.0,2.0,3.0
2024-05-18,2.0,1.5,14.0
2024-05-19,32.0,31.0,9.0
2024-05-20,0.0,2.5,1.0
2024-05-21,43.0,58.0,37.0
2024-05-22,14.0,11.0,9.0
2024-05-23,23.0,33.0,50.0
2024-05-24,0.0,0.0,0.0
2024-05-25,0.0,0.0,0.0
2024-05-26,0.0,0.0,0.0
2024-05-27,0.0,0.0,0.0
2024-05-28,0.0,0.0,9.0
2024-05-29,2.0,0.0,5.0
2024-05-30,33.0,1.0,1.0
2024-05-31,0.0,0.0,0.0
2024-06-01,12.0,9.5,5.0
2024-06-02,0.0,0.0,0.0
2024-06-03,27.0,41.0,38.0
2024-06-04,0.0,0.0,0.0
2024-06-05,4.0,10.5,13.0
2024-06-06,0.0,0.0,0.0
2024-06-07,7.0,7.0,7.0
2024-06-08,0.0,0.0,0.0
2024-06-09,0.0,0.0,0.0
2024-06-10,2.0,4.0,8.0
2024-06-11,0.0,0.0,0.0
2024-06-12,10.0,3.0,38.0
2024-06-13,57.0,2.0,12.0
2024-06-14,55.0,27.0,4.0
2024-06-15,105.0,90.0,3.0
2024-06-16,0.0,0.0,0.0
2024-06-17,21.0,22.5,14.0
2024-06-18,0.0,1.0,6.0
2024-06-19,2.0,3.0,5.0
2024-06-20,0.0,0.0,0.0
2024-06-21,118.0,153.0,59.0
2024-06-22,27.0,13.0,9.0
2024-06-23,0.0,0.0,0.0
2024-06-24,0.0,0.0,0.0
2024-06-25,0.0,0.0,0.0
2024-06-26,0.0,0.0,0.0
2024-06-27,0.0,0.0,0.0
2024-06-28,11.0,4.0,1.0
2024-06-29,8.0,1.0,2.0
2024-06-30,4.0,3.0,11.0
2024-07-01,0.0,0.0,0.0
2024-07-02,0.0,0.0,0.0
2024-07-03,7.0,1.0,7.0
2024-07-04,0.0,0.0,0.0
2024-07-05,1.0,3.5,0.0
2024-07-06,7.0,1.5,4.0
2024-07-07,0.0,0.0,0.0
2024-07-08,9.0,15.0,17.0
2024-07-09,0.0,0.0,0.0
2024-07-10,17.0,29.0,40.0
2024-07-11,4.0,2.0,4.0
2024-07-12,0.0,0.0,0.0
2024-07-13,11.0,0.0,0.0
2024-07-14,0.0,1.5,13.0
2024-07-15,0.0,0.0,0.0
2024-07-16,34.0,0.0,0.0
2024-07-17,0.0,0.0,0.0
2024-07-18,0.0,0.0,0.0
2024-07-19,0.0,0.0,0.0
2024-07-20,0.0,0.0,0.0
2024-07-21,0.0,0.0,0.0
2024-07-22,0.0,0.0,0.0
2024-07-23,0.0,0.0,0.0
2024-07-24,0.0,0.0,0.0
2024-07-25,0.0,0.0,0.0
2024-07-26,0.0,0.0,0.0
2024-07-27,0.0,0.0,0.0
2024-07-28,0.0,0.0,0.0
2024-07-29,0.0,0.0,0.0
2024-07-30,0.0,0.0,0.0
2024-07-31,10.0,0.0,5.0
2024-08-01,32.0,44.0,59.5
2024-08-02,2.0,0.0,0.0
2024-08-03,0.0,0.0,0.0
2024-08-04,6.0,4.0,5.0
2024-08-05,0.0,0.0,0.0
2024-08-06,0.0,0.0,5.0
2024-08-07,21.0,66.0,3.5
2024-08-08,1.0,1.0,1.5
2024-08-09,0.0,0.0,0.0
2024-08-10,4.0,5.0,0.0
2024-08-11,33.0,129.0,102.0
2024-08-12,8.0,0.0,1.0
2024-08-13,0.0,0.0,0.0
2024-08-14,0.0,0.0,0.0
2024-08-15,0.0,0.0,0.0
2024-08-16,48.0,34.0,2.5
2024-08-17,0.0,0.0,1.0
2024-08-18,0.0,0.0,0.0
2024-08-19,1.0,1.5,0.0
2024-08-20,56.0,183.0,110.5
2024-08-21,0.0,0.0,0.5
2024-08-22,0.0,0.0,0.0
2024-08-23,34.0,15.5,8.0
2024-08-24,3.0,27.0,53.0
2024-08-25,2.0,2.0,0.5
2024-08-26,0.0,0.0,0.0
2024-08-27,70.0,31.0,23.0
2024-08-28,47.0,19.0,33.0
2024-08-29,0.0,0.0,0.0
2024-08-30,0.0,0.0,0.0
2024-08-31,5.0,0.0,0.0
2024-09-01,0.0,0.0,0.0
2024-09-02,0.0,0.0,0.0
2024-09-03,0.0,0.0,0.0
2024-09-04,0.0,0.0,0.0
2024-09-05,1.0,17.5,5.0
2024-09-06,0.0,1.0,13.5
2024-09-07,0.0,0.0,0.0
2024-09-08,0.0,21.0,4.5
2024-09-09,15.0,7.5,18.5
2024-09-10,17.0,26.5,36.0
2024-09-11,2.0,0.0,0.8
2024-09-12,6.0,14.5,8.5
2024-09-13,0.0,0.0,0.0
2024-09-14,5.0,0.0,8.0
2024-09-15,0.0,0.0,0.0
2024-09-16,105.0,94.0,65.0
2024-09-17,19.0,21.5,20.3
2024-09-18,37.0,51.0,19.0
2024-09-19,0.0,0.0,0.0
2024-09-20,0.0,0.0,0.0
2024-09-21,0.0,0.0,1.5
2024-09-22,0.0,0.0,0.0
2024-09-23,0.0,0.0,0.0
2024-09-24,0.0,0.0,0.0
2024-09-25,2.0,0.0,1.0
2024-09-26,0.0,0.0,0.0
2024-09-27,0.0,0.0,0.0
2024-09-28,16.0,1.5,7.0
2024-09-29,12.0,52.0,22.0
2024-09-30,107.0,87.0,18.2
2024-10-01,7.0,5.0,7.0
2024-10-02,14.0,1.0,1.0
2024-10-03,21.0,17.0,9.0
2024-10-04,28.0,17.0,12.0
2024-10-05,40.0,67.0,81.0
2024-10-06,27.0,71.0,82.0
2024-10-07,0.0,0.0,2.0
2024-10-08,11.0,1.5,2.0
2024-10-09,0.0,0.0,0.0
2024-10-10,14.0,12.5,4.0
2024-10-11,121.0,49.5,69.0
2024-10-12,74.0,56.0,46.0
2024-10-13,49.0,98.0,83.0
2024-10-14,17.0,69.0,34.0
2024-10-15,10.0,51.0,14.0
2024-10-16,14.0,33.0,36.0
2024-10-17,0.0,0.0,0.0
2024-10-18,0.0,0.0,0.0
2024-10-19,0.0,0.0,0.0
2024-10-20,1.0,0.0,0.0
2024-10-21,0.0,0.0,0.0
2024-10-22,0.0,0.0,0.0
2024-10-23,0.0,0.0,0.0
2024-10-24,0.0,0.0,0.0
2024-10-25,0.0,0.0,0.0
2024-10-26,0.0,0.0,0.0
2024-10-27,0.0,0.0,0.0
2024-10-28,0.0,0.0,0.0
2024-10-29,0.0,0.0,0.0
2024-10-30,0.0,0.0,0.0
2024-10-31,2.8,8.0,0.0
2024-11-01,0.0,0.0,0.0
2024-11-02,62.0,33.0,31.0
2024-11-03,17.0,3.0,4.0
2024-11-04,1.0,0.0,0.0
2024-11-05,16.0,12.5,2.0
2024-11-06,18.0,20.5,12.0
2024-11-07,0.0,1.0,0.0
2024-11-08,0.0,0.0,0.0
2024-11-09,0.0,0.0,0.0
2024-11-10,2.0,0.0,1.0
2024-11-11,12.0,11.0,3.0
2024-11-12,2.5,4.5,3.0
2024-11-13,28.0,34.0,15.0
2024-11-14,22.0,7.5,4.0
2024-11-15,27.5,72.0,17.0
2024-11-16,12.0,2.4,3.0
2024-11-17,133.0,68.0,53.0
2024-11-18,14.0,56.5,45.0
2024-11-19,24.3,21.5,19.0
2024-11-20,17.5,8.0,19.0
2024-11-21,3.0,0.0,1.0
2024-11-22,1.2,21.0,26.0
2024-11-23,0.5,0.0,0.0
2024-11-24,0.0,0.0,0.0
2024-11-25,15.7,8.0,9.0
2024-11-26,0.0,0.0,1.0
2024-11-27,4.0,6.0,5.0
2024-11-28,0.0,0.0,0.0
2024-11-29,24.6,9.0,4.0
2024-11-30,0.0,0.0,0.0
2024-12-01,1.0,2.0,2.0
2024-12-02,124.2,178.5,132.0
2024-12-03,23.9,19.0,20.0
2024-12-04,17.3,9.5,8.0
2024-12-05,34.0,20.0,13.0
2024-12-06,3.2,4.0,1.0
2024-12-07,14.5,14.0,10.0
2024-12-08,16.5,13.0,11.0
2024-12-09,5.0,8.5,7.0
2024-12-10,24.5,36.5,40.0
2024-12-11,4.3,7.5,7.0
2024-12-12,33.0,33.0,22.0
2024-12-13,54.5,36.5,45.0
2024-12-14,2.5,4.5,4.0
2024-12-15,0.0,1.0,2.0
2024-12-16,0.0,0.0,1.0
2024-12-17,0.0,0.0,0.0
2024-12-18,2.0,2.0,2.0
2024-12-19,0.5,0.0,0.0
2024-12-20,0.0,0.0,1.0
2024-12-21,1.0,0.0,1.0
2024-12-22,8.0,6.5,5.0
2024-12-23,0.0,1.0,1.0
2024-12-24,135.5,153.0,132.0
2024-12-25,19.0,26.0,21.0
2024-12-26,0.0,0.0,0.0
2024-12-27,0.0,0.0,0.0
2024-12-28,0.0,0.0,0.0
2024-12-29,0.0,0.0,0.0
2024-12-30,3.1,18.5,9.0
2024-12-31,0.0,0.0,0.0
2025-01-01,0.0,0.0,0.0
2025-01-02,0.0,0.0,0.0
2025-01-03,0.0,0.0,0.0
2025-01-04,0.0,0.0,0.0
2025-01-05,0.0,0.0,0.0
2025-01-06,0.5,4.0,4.0
2025-01-07,155.0,255.0,204.0
2025-01-08,6.0,5.0,6.0
2025-01-09,0.0,0.0,0.0
2025-01-10,0.0,0.0,0.0
2025-01-11,0.0,0.0,0.0
2025-01-12,0.0,0.0,3.0
2025-01-13,0.0,1.0,1.0
2025-01-14,1.5,12.5,3.0
2025-01-15,9.0,16.5,10.0
2025-01-16,49.5,37.5,36.0
2025-01-17,28.5,14.0,10.0
2025-01-18,12.0,83.0,14.0
2025-01-19,0.0,0.0,0.0
2025-01-20,9.6,2.0,1.0
2025-01-21,0.0,0.0,0.0
2025-01-22,81.3,39.0,52.0
2025-01-23,0.0,0.0,0.0
2025-01-24,2.0,3.0,7.0
2025-01-25,4.0,36.0,45.0
2025-01-26,55.8,59.0,53.0
2025-01-27,0.0,0.0,1.0
2025-01-28,4.0,5.0,4.0
2025-01-29,0.0,0.0,0.0
2025-01-30,0.0,0.0,0.0
2025-01-31,0.0,0.0,0.0
2025-02-01,0.0,0.0,0.0
2025-02-02,0.0,0.0,0.0
2025-02-03,0.0,0.0,0.0
2025-02-04,0.0,0.0,0.0
2025-02-05,0.0,0.0,0.0
2025-02-06,0.5,5.0,3.0
2025-02-07,9.0,16.0,25.0
2025-02-08,16.0,38.0,49.0
2025-02-09,0.5,0.0,1.0
2025-02-10,0.0,0.0,0.0
2025-02-11,0.0,0.0,0.0
2025-02-12,0.0,0.0,0.0
2025-02-13,0.0,0.0,0.0
2025-02-14,0.0,0.0,0.0
2025-02-15,0.0,0.0,0.0
2025-02-16,0.5,0.0,0.0
2025-02-17,34.0,40.0,28.0
2025-02-18,4.5,0.0,0.0
2025-02-19,79.0,40.0,118.0
2025-02-20,0.0,,1.0
2025-02-21,24.3,3.0,8.0
2025-02-22,0.5,0.0,0.0
2025-02-23,49.0,56.0,27.0
2025-02-24,0.0,0.0,2.0
2025-02-25,0.0,1.0,0.0
2025-02-26,0.0,0.0,0.0
2025-02-27,14.0,1.0,6.0
2025-02-28,10.2,3.0,4.0
2025-03-01,1.3,0.0,0.0
2025-03-02,0.0,0.0,0.7
2025-03-03,2.0,0.0,0.0
2025-03-04,3.5,0.0,5.0
2025-03-05,0.5,0.0,1.0
2025-03-06,88.0,5.0,76.0
2025-03-07,22.0,16.0,12.5
2025-03-08,1.5,38.0,4.0
2025-03-09,0.0,0.0,0.0
2025-03-10,0.0,0.0,0.0
2025-03-11,2.0,0.0,0.0
2025-03-12,86.0,0.0,37.5
2025-03-13,57.2,0.0,94.0
2025-03-14,16.0,0.0,0.8
2025-03-15,1.0,0.0,0.0
2025-03-16,1.0,0.0,3.0
2025-03-17,25.0,40.0,15.3
2025-03-18,2.5,0.0,25.5
2025-03-19,6.0,40.0,3.0
2025-03-20,3.5,0.0,0.0
2025-03-21,0.0,3.0,0.0
2025-03-22,0.0,0.0,1.0
2025-03-23,4.0,56.0,4.5
2025-03-24,0.0,0.0,0.0
2025-03-25,0.0,1.0,0.0
2025-03-26,0.0,0.0,0.0
2025-03-27,28.2,1.0,19.0
2025-03-28,100.0,3.0,139.0
2025-03-29,0.0,0.0,3.0
2025-03-30,13.0,16.0,21.0
2025-03-31,0.0,0.0,0.0
2025-04-01,0.0,0.0,0.0
2025-04-02,0.0,5.0,6.0
2025-04-03,0.0,0.0,0.0
2025-04-04,22.0,0.0,0.0
2025-04-05,0.0,2.0,2.7
2025-04-06,1.0,1.0,0.0
2025-04-07,65.0,1.0,0.0
2025-04-08,0.0,22.0,46.7
2025-04-09,7.0,0.0,0.7
2025-04-10,32.0,8.0,19.5
2025-04-11,8.0,23.0,49.5
2025-04-12,2.0,8.0,8.5
2025-04-13,9.0,1.0,0.0
2025-04-14,1.0,0.0,5.5
2025-04-15,86.0,9.0,0.0
2025-04-16,32.0,40.0,52.5
2025-04-17,3.0,22.0,20.0
2025-04-18,0.0,5.0,5.8
2025-04-19,20.0,0.0,0.0
2025-04-20,10.0,16.0,13.0
2025-04-21,51.0,1.0,0.8
2025-04-22,7.0,17.0,9.0
2025-04-23,8.0,10.0,15.5
2025-04-24,1.0,1.0,14.0
2025-04-25,0.0,0.0,0.0
2025-04-26,0.0,0.0,0.0
2025-04-27,30.0,0.0,0.0
2025-04-28,29.0,2.0,0.0
2025-04-29,0.0,2.0,7.0
2025-04-30,0.0,0.0,14.5
2025-05-01,25.0,62.0,6.0
2025-05-02,0.0,0.0,0.0
2025-05-03,0.0,0.0,0.0
2025-05-04,3.0,2.0,1.5
2025-05-05,0.0,0.0,0.0
2025-05-06,0.0,0.0,0.0
2025-05-07,0.0,0.0,0.0
2025-05-08,0.0,0.0,0.0
2025-05-09,28.5,29.0,4.3
2025-05-10,0.0,0.0,0.0
2025-05-11,73.0,85.0,70.0
2025-05-12,40.3,67.0,53.0
2025-05-13,0.0,0.0,0.0
2025-05-14,0.0,0.0,0.0
2025-05-15,0.0,0.0,0.0
2025-05-16,11.5,14.0,16.5
2025-05-17,2.0,4.0,2.0
2025-05-18,0.0,0.0,0.0
2025-05-19,0.0,0.0,0.0
2025-05-20,0.0,0.0,0.0
2025-05-21,0.0,0.0,0.0
2025-05-22,0.0,0.0,0.0
2025-05-23,7.0,22.0,23.0
2025-05-24,0.0,0.0,0.0
2025-05-25,0.0,0.0,0.0
2025-05-26,0.0,0.0,0.0
2025-05-27,0.0,0.0,0.0
2025-05-28,0.0,0.0,0.0
2025-05-29,0.0,0.0,0.0
2025-05-30,0.0,0.0,0.0
2025-05-31,0.0,0.0,0.0
2025-06-01,0.0,0.0,0.0
2025-06-02,0.0,0.0,0.0
2025-06-03,0.0,0.0,0.0
2025-06-04,0.0,0.0,0.0
2025-06-05,35.5,3.0,4.0
2025-06-06,9.0,0.0,2.5
2025-06-07,11.0,11.0,12.0
2025-06-08,1.5,0.0,2.0
2025-06-09,16.0,17.0,22.0
2025-06-10,81.0,71.5,64.5
2025-06-11,11.8,13.5,12.5
2025-06-12,0.0,0.0,0.0
2025-06-13,0.0,0.0,0.0
2025-06-14,0.0,0.0,0.0
2025-06-15,0.0,0.0,0.0
2025-06-16,2.0,1.0,0.0
2025-06-17,46.0,34.0,34.3
2025-06-18,64.5,52.0,43.0
2025-06-19,0.0,0.0,0.0
2025-06-20,0.0,0.0,0.0
2025-06-21,0.0,0.0,0.0
2025-06-22,0.0,0.0,0.0
2025-06-23,0.0,0.0,7.8
2025-06-24,0.0,0.0,0.0
2025-06-25,0.0,0.0,0.0
2025-06-26,0.0,0.0,0.0
2025-06-27,0.0,0.0,0.0
2025-06-28,0.0,0.0,0.0
2025-06-29,1.0,1.0,0.7
2025-06-30,0.0,0.0,0.0
2025-07-01,0.0,0.0,0.0
2025-07-02,0.0,0.0,0.0
2025-07-03,0.0,0.0,0.0
2025-07-04,0.0,0.0,0.0
2025-07-05,0.0,0.0,0.0
2025-07-06,6.2,19.0,18.0
2025-07-07,12.0,11.0,0.8
2025-07-08,0.0,0.0,0.0
2025-07-09,47.5,43.0,16.5
2025-07-10,0.0,0.0,0.0
2025-07-11,1.0,3.0,6.3
2025-07-12,1.0,0.0,0.0
2025-07-13,0.0,0.0,18.6
2025-07-14,28.0,64.0,69.0
2025-07-15,24.5,38.5,47.0
2025-07-16,0.0,0.0,0.0
2025-07-17,0.0,0.0,0.0
2025-07-18,0.0,0.0,0.0
2025-07-19,0.0,0.0,0.0
2025-07-20,0.0,0.0,0.0
2025-07-21,17.0,2.0,6.0
2025-07-22,0.0,0.0,0.0
2025-07-23,0.0,0.0,0.0
2025-07-24,0.0,0.0,0.0
2025-07-25,0.0,0.0,0.0
2025-07-26,36.5,54.0,80.7
2025-07-27,0.0,0.0,1.0
2025-07-28,35.5,2.0,1.0
2025-07-29,0.0,0.0,0.0
2025-07-30,1.0,0.0,0.0
2025-07-31,19.0,20.0,8.4
2025-08-01,9.5,6.0,10.2
2025-08-02,3.0,20.5,27.5
2025-08-03,0.0,0.0,1.5
2025-08-04,0.0,0.0,0.0
2025-08-05,3.0,3.0,2.5
2025-08-06,0.0,0.0,0.0
2025-08-07,0.0,0.0,1.0
2025-08-08,1.0,5.0,8.0
2025-08-09,12.0,139.0,118.0
2025-08-10,3.0,0.0,1.0
2025-08-11,124.5,44.0,41.0
2025-08-12,0.0,1.0,0.0
2025-08-13,1.0,0.0,0.0
2025-08-14,0.0,0.0,0.0
2025-08-15,2.0,6.5,3.0
2025-08-16,15.0,14.5,8.0
2025-08-17,0.0,0.0,0.0
2025-08-18,29.0,4.5,7.0
2025-08-19,0.0,0.0,0.0
2025-08-20,0.0,0.0,0.0
2025-08-21,0.0,0.0,0.0
2025-08-22,0.0,0.0,0.0
2025-08-23,0.0,4.0,1.5
2025-08-24,0.0,0.0,0.0
2025-08-25,,0.0,0.0
2025-08-26,0.0,0.0,0.0
2025-08-27,0.0,0.0,0.0
2025-08-28,0.0,1.5,2.5
2025-08-29,106.0,74.5,60.3
2025-08-30,0.0,0.0,3.5
2025-08-31,2.0,6.5,8.0
2025-09-01,0.0,1.0,0.0
2025-09-02,0.0,0.0,1.0
2025-09-03,0.0,5.5,8.0
2025-09-04,72.0,72.0,70.2
2025-09-05,6.0,4.0,7.5
2025-09-06,15.0,18.0,11.5
2025-09-07,1.0,1.0,5.0
2025-09-08,0.0,4.0,2.5
2025-09-09,0.0,0.0,0.0
2025-09-10,7.0,9.0,12.5
2025-09-11,18.2,7.5,21.0
2025-09-12,0.0,17.0,21.5
2025-09-13,0.0,0.0,0.0
2025-09-14,0.0,2.0,3.0
2025-09-15,25.0,17.0,24.3
2025-09-16,9.5,24.0,14.3
2025-09-17,6.0,2.5,0.0
2025-09-18,0.0,0.0,0.0
2025-09-19,0.0,0.0,0.0
2025-09-20,0.0,14.0,3.7
2025-09-21,0.0,40.0,16.5
2025-09-22,0.0,0.0,1.7
2025-09-23,0.0,22.0,6.7
2025-09-24,14.3,70.5,3.6
2025-09-25,2.5,1.0,1.5
2025-09-26,0.0,0.0,0.0
2025-09-27,0.0,0.0,0.0
2025-09-28,16.0,4.0,3.4
2025-09-29,56.5,54.0,32.0
2025-09-30,1.0,0.0,1.5
2025-10-01,0.5,1.0,0.8
2025-10-02,7.5,0.0,2.0
2025-10-03,3.5,4.5,4.0
2025-10-04,3.5,1.5,2.5
2025-10-05,0.0,0.0,0.0
2025-10-06,0.0,0.0,0.0
2025-10-07,0.5,0.0,0.0
2025-10-08,1.0,0.0,0.0
2025-10-09,0.0,0.0,0.0
2025-10-10,0.0,0.0,0.0
2025-10-11,0.0,0.0,0.0
2025-10-12,2.0,4.5,0.8
2025-10-13,5.0,3.0,3.5
2025-10-14,0.0,0.0,3.0
2025-10-15,35.5,19.0,12.0
2025-10-16,0.0,2.0,0.6
2025-10-17,4.5,0.0,0.0
2025-10-18,59.0,18.0,8.0
2025-10-19,13.5,19.0,29.0
2025-10-20,8.5,36.5,50.0
2025-10-21,0.0,0.0,0.0
2025-10-22,0.0,0.0,0.0
2025-10-23,1.0,1.0,0.8
2025-10-24,5.5,2.5,3.0
2025-10-25,15.0,17.0,3.5
2025-10-26,0.0,0.0,0.0
2025-10-27,2.5,0.0,0.0
2025-10-28,0.0,0.0,0.0
2025-10-29,0.0,0.0,0.0
2025-10-30,0.0,0.0,0.0
2025-10-31,0.0,0.0,0.0
2025-11-01,0.0,0.0,0.0
2025-11-02,0.0,0.0,0.0
2025-11-03,0.0,0.0,0.0
2025-11-04,0.0,0.0,0.0
2025-11-05,18.2,17.5,14.5
2025-11-06,25.0,31.0,22.0
2025-11-07,6.5,28.0,11.5
2025-11-08,3.0,0.0,0.0
2025-11-09,10.0,13.0,16.5
2025-11-10,9.0,10.5,13.0
2025-11-11,1.0,2.0,2.5
2025-11-12,33.7,35.0,38.5
2025-11-13,10.5,7.5,10.2
2025-11-14,0.0,0.0,0.0
2025-11-15,0.0,0.0,0.0
2025-11-16,49.0,34.0,54.0
2025-11-17,33.0,18.0,22.0
2025-11-18,40.5,66.0,51.5
2025-11-19,3.0,4.5,5.2
2025-11-20,48.0,28.0,40.0
2025-11-21,157.0,102.0,88.5
2025-11-22,89.5,75.0,80.3
2025-11-23,106.5,132.0,127.0
2025-11-24,126.0,127.0,129.0
2025-11-25,261.0,114.0,72.3
2025-11-26,137.0,55.0,43.0
2025-11-27,146.0,112.0,87.0
2025-11-28,219.5,148.0,112.6
2025-11-29,53.0,47.5,24.5
2025-11-30,0.0,0.0,0.0
2025-12-01,0.0,0.0,0.0
2025-12-02,0.0,0.0,0.0
2025-12-03,0.0,0.0,0.0
2025-12-04,0.5,2.0,0.0
2025-12-05,0.0,1.0,0.0
2025-12-06,0.0,0.0,0.0
2025-12-07,66.0,5.5,9.0
2025-12-08,34.5,53.0,63.0
2025-12-09,31.0,17.0,11.0
2025-12-10,64.5,96.0,83.0
2025-12-11,54.0,109.0,88.0
2025-12-12,6.5,2.0,9.5
2025-12-13,12.0,5.0,5.5
2025-12-14,0.0,0.0,3.0
2025-12-15,36.0,32.0,24.0
2025-12-16,0.0,0.0,0.7
2025-12-17,5.0,3.0,3.5
2025-12-18,0.0,0.0,0.0
2025-12-19,15.0,3.5,21.5
2025-12-20,0.0,0.0,0.0
2025-12-21,16.0,7.5,16.0
2025-12-22,1.0,4.5,4.5
2025-12-23,13.5,3.0,2.5
2025-12-24,1.0,0.0,0.0
2025-12-25,42.0,12.0,9.0
2025-12-26,35.0,26.0,16.0
2025-12-27,10.0,4.5,9.0
2025-12-28,0.0,1.0,1.3
2025-12-29,0.0,0.0,0.0
2025-12-30,0.0,0.0,0.0
2025-12-31,125.0,81.0,57.0
