TANGGAL,y_true,y_pred,y_pred_proba
2024-03-15,0,0,0.0017691565
2024-03-15,0,0,0.00042286285
2024-03-15,0,0,0.00013495288
2024-03-16,0,0,0.0055793086
2024-03-16,0,0,0.009308513
2024-03-16,0,0,0.00037838783
2024-03-17,0,0,0.015455345
2024-03-17,0,0,0.0028991853
2024-03-17,0,0,0.0021474017
2024-03-18,0,0,0.02650502
2024-03-18,0,0,0.0032177595
2024-03-18,0,0,0.0030624645
2024-03-19,0,0,0.024250302
2024-03-19,0,0,0.018687539
2024-03-19,0,0,0.015726766
2024-03-20,0,0,0.01571403
2024-03-20,0,0,0.029197106
2024-03-20,0,0,0.035701904
2024-03-21,0,0,0.0043187873
2024-03-21,0,0,0.010862185
2024-03-21,0,0,0.0047051203
2024-03-22,0,0,0.010371049
2024-03-22,0,0,0.023476696
2024-03-22,0,0,0.009376166
2024-03-23,0,0,0.0019352168
2024-03-23,0,0,0.007121095
2024-03-23,0,0,0.0054912926
2024-03-24,0,0,0.008870437
2024-03-24,0,0,0.005028526
2024-03-24,0,0,0.009616965
2024-03-25,0,0,0.023548719
2024-03-25,0,0,0.10234737
2024-03-25,0,0,0.023365265
2024-03-26,0,0,0.0498903
2024-03-26,0,0,0.12620077
2024-03-26,0,0,0.008768712
2024-03-27,0,0,0.007016594
2024-03-27,0,0,0.05688316
2024-03-27,0,0,0.036207832
2024-03-28,0,0,0.037943926
2024-03-28,0,0,0.044433266
2024-03-28,0,0,0.03174409
2024-03-29,0,0,0.01693786
2024-03-29,0,0,0.114380695
2024-03-29,0,0,0.081932254
2024-03-30,0,0,0.0025681488
2024-03-30,0,0,0.009832595
2024-03-30,0,0,0.058235995
2024-03-31,0,0,0.057530355
2024-03-31,0,0,0.011100725
2024-03-31,1,0,0.015605248
2024-04-01,0,0,0.02997304
2024-04-01,0,0,0.03703096
2024-04-01,0,0,0.008345109
2024-04-02,0,0,0.0021178105
2024-04-02,0,0,0.03142049
2024-04-02,0,0,0.029594785
2024-04-03,0,0,0.025277
2024-04-03,0,0,0.003668153
2024-04-03,0,0,0.06459001
2024-04-04,0,0,0.016473413
2024-04-04,0,0,0.027082114
2024-04-04,0,0,0.026426978
2024-04-05,0,0,0.18856232
2024-04-05,0,0,0.06029247
2024-04-05,0,0,0.008824387
2024-04-06,0,0,0.19203706
2024-04-06,0,0,0.00929083
2024-04-06,0,0,0.010426546
2024-04-07,0,0,0.037551507
2024-04-07,0,0,0.0051000677
2024-04-07,0,0,0.00885571
2024-04-08,0,0,0.05894022
2024-04-08,0,0,0.006405739
2024-04-08,0,0,0.025385074
2024-04-09,0,0,0.014884037
2024-04-09,0,0,0.018116992
2024-04-09,0,0,0.02474387
2024-04-10,0,0,0.03925832
2024-04-10,0,0,0.24578412
2024-04-10,0,0,0.01380334
2024-04-11,0,0,0.01939441
2024-04-11,0,0,0.017794186
2024-04-11,0,0,0.03882256
2024-04-12,0,0,0.015897818
2024-04-12,0,0,0.018429944
2024-04-12,0,0,0.02286217
2024-04-13,0,0,0.016336357
2024-04-13,0,0,0.07062789
2024-04-13,0,0,0.01268672
2024-04-14,0,0,0.01580089
2024-04-14,0,0,0.052669413
2024-04-14,0,0,0.054782137
2024-04-15,0,0,0.30515954
2024-04-15,0,0,0.045646355
2024-04-15,0,0,0.12590812
2024-04-16,0,0,0.039598126
2024-04-16,0,0,0.0051338724
2024-04-16,0,0,0.00391424
2024-04-17,0,0,0.09860082
2024-04-17,0,0,0.042372163
2024-04-17,0,0,0.041986044
2024-04-18,0,0,0.054866876
2024-04-18,0,0,0.009518808
2024-04-18,0,0,0.02258951
2024-04-19,0,0,0.050699707
2024-04-19,0,0,0.013313236
2024-04-19,0,0,0.040243153
2024-04-20,0,0,0.04901547
2024-04-20,0,0,0.025874851
2024-04-20,0,0,0.05837637
2024-04-21,0,0,0.06933704
2024-04-21,0,0,0.0591381
2024-04-21,0,0,0.038794722
2024-04-22,0,0,0.17133376
2024-04-22,0,0,0.045276772
2024-04-22,0,0,0.10680781
2024-04-23,0,0,0.011483397
2024-04-23,0,0,0.014284162
2024-04-23,0,0,0.0015652024
2024-04-24,0,0,0.027547503
2024-04-24,0,0,0.02833689
2024-04-24,0,0,0.03434043
2024-04-25,0,0,0.014318687
2024-04-25,0,0,0.0792234
2024-04-25,0,0,0.016045619
2024-04-26,1,0,0.052909743
2024-04-26,0,0,0.039009
2024-04-26,0,0,0.032631006
2024-04-27,0,0,0.05928206
2024-04-27,0,0,0.08772852
2024-04-27,0,0,0.12870862
2024-04-28,0,0,0.002641967
2024-04-28,0,0,0.01672922
2024-04-28,0,0,0.022071315
2024-04-29,0,0,0.05731861
2024-04-29,0,0,0.04696018
2024-04-29,0,0,0.122601554
2024-04-30,0,0,0.0077718645
2024-04-30,0,0,0.004305069
2024-04-30,0,0,0.0065811244
2024-05-01,0,0,0.10066611
2024-05-01,0,0,0.14999172
2024-05-01,0,0,0.051011223
2024-05-02,0,0,0.016693389
2024-05-02,0,0,0.013597638
2024-05-02,0,0,0.027232874
2024-05-03,0,0,0.007300915
2024-05-03,0,0,0.0077239336
2024-05-03,0,0,0.011035754
2024-05-04,1,0,0.070685424
2024-05-04,0,0,0.09926269
2024-05-04,1,0,0.08353626
2024-05-05,0,1,0.72750217
2024-05-05,0,0,0.48065478
2024-05-05,0,0,0.46828687
2024-05-06,0,0,0.006467316
2024-05-06,0,0,0.010794991
2024-05-06,0,0,0.012774062
2024-05-07,0,0,0.023763325
2024-05-07,0,0,0.005731581
2024-05-07,0,0,0.07300563
2024-05-08,0,0,0.020719716
2024-05-08,0,0,0.13672747
2024-05-08,0,0,0.06379861
2024-05-09,0,0,0.02348709
2024-05-09,0,0,0.013851156
2024-05-09,0,0,0.022700286
2024-05-10,0,0,0.053924378
2024-05-10,0,0,0.009326797
2024-05-10,0,0,0.02477554
2024-05-11,0,0,0.081385225
2024-05-11,0,0,0.19218996
2024-05-11,0,0,0.14769964
2024-05-12,0,0,0.10163584
2024-05-12,1,0,0.09565895
2024-05-12,0,0,0.06277054
2024-05-13,0,0,0.017835777
2024-05-13,0,0,0.05095274
2024-05-13,0,0,0.055889327
2024-05-14,0,0,0.04647681
2024-05-14,0,0,0.016735567
2024-05-14,0,0,0.09666715
2024-05-15,0,0,0.038039472
2024-05-15,0,0,0.07299633
2024-05-15,0,0,0.006884974
2024-05-16,0,0,0.052146878
2024-05-16,0,0,0.10313391
2024-05-16,0,0,0.10502957
2024-05-17,0,0,0.022485083
2024-05-17,0,0,0.066025384
2024-05-17,0,0,0.07126751
2024-05-18,0,0,0.08050179
2024-05-18,0,0,0.35154715
2024-05-18,0,0,0.17291029
2024-05-19,0,0,0.04328542
2024-05-19,0,0,0.064017676
2024-05-19,0,0,0.06044866
2024-05-20,0,0,0.22184473
2024-05-20,0,0,0.067526944
2024-05-20,0,0,0.11348977
2024-05-21,0,0,0.0032395564
2024-05-21,0,0,0.047997516
2024-05-21,0,0,0.020057682
2024-05-22,0,0,0.055858728
2024-05-22,0,0,0.19965033
2024-05-22,0,0,0.1298158
2024-05-23,0,0,0.012395781
2024-05-23,0,0,0.039388955
2024-05-23,0,0,0.02410807
2024-05-24,0,0,0.06332065
2024-05-24,0,0,0.11093787
2024-05-24,0,0,0.08868052
2024-05-25,0,0,0.0023863295
2024-05-25,0,0,0.007787938
2024-05-25,0,0,0.0034144449
2024-05-26,0,0,0.010873873
2024-05-26,0,0,0.017974354
2024-05-26,0,0,0.004496783
2024-05-27,0,0,0.045449432
2024-05-27,0,0,0.047162026
2024-05-27,0,0,0.034974325
2024-05-28,0,0,0.025013588
2024-05-28,0,0,0.02380138
2024-05-28,0,0,0.010391834
2024-05-29,0,0,0.1770409
2024-05-29,0,0,0.25551358
2024-05-29,0,0,0.040578526
2024-05-30,0,0,0.038054593
2024-05-30,0,0,0.20087774
2024-05-30,0,0,0.093679585
2024-05-31,0,0,0.034576554
2024-05-31,0,0,0.042863168
2024-05-31,0,0,0.061775494
2024-06-01,0,0,0.0015657442
2024-06-01,0,0,0.01733762
2024-06-01,0,0,0.010021259
2024-06-02,0,0,0.29330784
2024-06-02,0,0,0.23711897
2024-06-02,0,0,0.12021239
2024-06-03,0,0,0.00083699066
2024-06-03,0,0,0.0019300799
2024-06-03,0,0,0.0016592463
2024-06-04,0,0,0.037839357
2024-06-04,0,0,0.05960789
2024-06-04,0,0,0.297284
2024-06-05,0,0,0.007255325
2024-06-05,0,0,0.0061907982
2024-06-05,0,0,0.011299798
2024-06-06,0,0,0.046012476
2024-06-06,0,0,0.02736184
2024-06-06,0,0,0.04770362
2024-06-07,0,0,0.009352908
2024-06-07,0,0,0.008306719
2024-06-07,0,0,0.0056244107
2024-06-08,0,0,0.13417552
2024-06-08,0,0,0.24379224
2024-06-08,0,0,0.15164018
2024-06-09,0,0,0.025774995
2024-06-09,0,0,0.03769735
2024-06-09,0,0,0.031530958
2024-06-10,0,0,0.02678681
2024-06-10,0,0,0.015586757
2024-06-10,0,0,0.024920033
2024-06-11,0,0,0.04037182
2024-06-11,0,0,0.014920584
2024-06-11,0,0,0.016779589
2024-06-12,0,0,0.021357467
2024-06-12,0,0,0.013430169
2024-06-12,0,0,0.0034988585
2024-06-13,0,0,0.105651945
2024-06-13,0,0,0.052688643
2024-06-13,0,0,0.033522137
2024-06-14,0,0,0.032100618
2024-06-14,0,0,0.017943945
2024-06-14,0,0,0.024740707
2024-06-15,0,0,0.11496434
2024-06-15,1,0,0.055382803
2024-06-15,1,0,0.09368599
2024-06-16,0,0,0.21033077
2024-06-16,0,0,0.09746447
2024-06-16,0,0,0.06537658
2024-06-17,0,0,0.001066917
2024-06-17,0,0,0.00070475246
2024-06-17,0,0,0.0076208427
2024-06-18,0,0,0.048917532
2024-06-18,0,0,0.064853
2024-06-18,0,0,0.10260244
2024-06-19,0,0,0.024006987
2024-06-19,0,0,0.062656514
2024-06-19,0,0,0.012412142
2024-06-20,0,0,0.018943964
2024-06-20,0,0,0.022266397
2024-06-20,0,0,0.08056324
2024-06-21,1,0,0.043288607
2024-06-21,1,0,0.030224843
2024-06-21,1,0,0.0073857526
2024-06-22,0,0,0.046672598
2024-06-22,0,0,0.0582477
2024-06-22,0,0,0.050061315
2024-06-23,0,0,0.00586178
2024-06-23,0,0,0.005173787
2024-06-23,0,0,0.00783695
2024-06-24,0,0,0.0029896307
2024-06-24,0,0,0.0022918775
2024-06-24,0,0,0.0022911048
2024-06-25,0,0,0.0072046123
2024-06-25,0,0,0.00866621
2024-06-25,0,0,0.010083535
2024-06-26,0,0,0.03894785
2024-06-26,0,0,0.031394962
2024-06-26,0,0,0.015380377
2024-06-27,0,0,0.011539109
2024-06-27,0,0,0.0062479884
2024-06-27,0,0,0.005961182
2024-06-28,0,0,0.02251602
2024-06-28,0,0,0.012047852
2024-06-28,0,0,0.006328829
2024-06-29,0,0,0.26755908
2024-06-29,0,0,0.23533086
2024-06-29,0,0,0.1490877
2024-06-30,0,1,0.518199
2024-06-30,0,0,0.22765988
2024-06-30,0,0,0.42864296
2024-07-01,0,0,0.004489531
2024-07-01,0,0,0.0058088102
2024-07-01,0,0,0.006531157
2024-07-02,0,0,0.0012653888
2024-07-02,0,0,0.0010996715
2024-07-02,0,0,0.0007025871
2024-07-03,0,0,0.04253632
2024-07-03,0,0,0.03886733
2024-07-03,0,0,0.00921182
2024-07-04,0,0,0.09518447
2024-07-04,0,0,0.032207683
2024-07-04,0,0,0.055535484
2024-07-05,0,0,0.0036192087
2024-07-05,0,0,0.017018527
2024-07-05,0,0,0.005757915
2024-07-06,0,0,0.069886
2024-07-06,0,0,0.036754783
2024-07-06,0,0,0.015824286
2024-07-07,0,0,0.056173794
2024-07-07,0,0,0.05318793
2024-07-07,0,0,0.053944267
2024-07-08,0,0,0.0011628468
2024-07-08,0,0,0.001987447
2024-07-08,0,0,0.0013065471
2024-07-09,0,0,0.03392029
2024-07-09,0,0,0.2847186
2024-07-09,0,0,0.36073765
2024-07-10,0,0,0.0020778636
2024-07-10,0,0,0.010277261
2024-07-10,0,0,0.010058179
2024-07-11,0,0,0.20402877
2024-07-11,0,0,0.08920458
2024-07-11,0,0,0.121514715
2024-07-12,0,0,0.019749347
2024-07-12,0,0,0.027472017
2024-07-12,0,0,0.02169708
2024-07-13,0,0,0.018309606
2024-07-13,0,0,0.012289067
2024-07-13,0,0,0.014288904
2024-07-14,0,0,0.06814364
2024-07-14,0,0,0.024193946
2024-07-14,0,0,0.19786711
2024-07-15,0,0,0.043587957
2024-07-15,0,0,0.2348039
2024-07-15,0,0,0.021614773
2024-07-16,0,0,0.005156648
2024-07-16,0,0,0.005927202
2024-07-16,0,0,0.013178744
2024-07-17,0,0,0.07388381
2024-07-17,0,0,0.24114609
2024-07-17,0,0,0.03551623
2024-07-18,0,0,0.0059721237
2024-07-18,0,0,0.01673337
2024-07-18,0,0,0.017853037
2024-07-19,0,0,0.008129052
2024-07-19,0,0,0.008656879
2024-07-19,0,0,0.008786149
2024-07-20,0,0,0.010562252
2024-07-20,0,0,0.011744838
2024-07-20,0,0,0.0074584545
2024-07-21,0,0,0.016289553
2024-07-21,0,0,0.00862148
2024-07-21,0,0,0.027476327
2024-07-22,0,0,0.007306564
2024-07-22,0,0,0.006616649
2024-07-22,0,0,0.002934127
2024-07-23,0,0,0.0018830111
2024-07-23,0,0,0.0014650514
2024-07-23,0,0,0.0009189401
2024-07-24,0,0,0.0025643164
2024-07-24,0,0,0.009026633
2024-07-24,0,0,0.0015681172
2024-07-25,0,0,0.0029409272
2024-07-25,0,0,0.007150256
2024-07-25,0,0,0.002410817
2024-07-26,0,0,0.0024324534
2024-07-26,0,0,0.005564252
2024-07-26,0,0,0.0028626772
2024-07-27,0,0,0.0011138673
2024-07-27,0,0,0.0033578672
2024-07-27,0,0,0.0011222648
2024-07-28,0,0,0.002448209
2024-07-28,0,0,0.001990562
2024-07-28,0,0,0.0022419281
2024-07-29,0,0,0.0056389505
2024-07-29,0,0,0.008046193
2024-07-29,0,0,0.0043587945
2024-07-30,0,0,0.00145165
2024-07-30,0,0,0.0018638667
2024-07-30,0,0,0.0010389354
2024-07-31,0,0,0.0023055398
2024-07-31,0,0,0.009839682
2024-07-31,0,0,0.0036174154
2024-08-01,0,0,0.021515343
2024-08-01,0,0,0.00246927
2024-08-01,1,0,0.011665604
2024-08-02,0,0,0.044115588
2024-08-02,0,0,0.02128755
2024-08-02,0,0,0.015244935
2024-08-03,0,0,0.018508222
2024-08-03,0,0,0.006964445
2024-08-03,0,0,0.023632055
2024-08-04,0,0,0.010420035
2024-08-04,0,0,0.004594629
2024-08-04,0,0,0.0059930193
2024-08-05,0,0,0.28803802
2024-08-05,0,0,0.03976141
2024-08-05,0,0,0.43513042
2024-08-06,0,0,0.022871621
2024-08-06,0,0,0.0065925973
2024-08-06,0,0,0.02315682
2024-08-07,0,0,0.17331901
2024-08-07,1,0,0.1429762
2024-08-07,0,0,0.17000157
2024-08-08,0,0,0.049750384
2024-08-08,0,0,0.039153285
2024-08-08,0,0,0.061206628
2024-08-09,0,0,0.010424195
2024-08-09,0,0,0.14964034
2024-08-09,0,0,0.021732725
2024-08-10,0,0,0.05119177
2024-08-10,0,0,0.028663786
2024-08-10,0,0,0.06771256
2024-08-11,0,0,0.10225914
2024-08-11,1,0,0.12252457
2024-08-11,1,0,0.013463247
2024-08-12,0,0,0.012657659
2024-08-12,0,0,0.022024257
2024-08-12,0,0,0.011044574
2024-08-13,0,0,0.0024793681
2024-08-13,0,0,0.010278188
2024-08-13,0,0,0.0017573618
2024-08-14,0,0,0.057269074
2024-08-14,0,0,0.080729224
2024-08-14,0,0,0.048074495
2024-08-15,0,0,0.34296912
2024-08-15,0,0,0.089385025
2024-08-15,0,0,0.13477972
2024-08-16,0,0,0.15816806
2024-08-16,0,0,0.07837519
2024-08-16,0,0,0.09634252
2024-08-17,0,0,0.0058828946
2024-08-17,0,0,0.004895758
2024-08-17,0,0,0.029054388
2024-08-18,0,0,0.001459959
2024-08-18,0,0,0.009199785
2024-08-18,0,0,0.0038955589
2024-08-19,0,0,0.009943641
2024-08-19,0,0,0.0056170793
2024-08-19,0,0,0.05604771
2024-08-20,0,0,0.019373534
2024-08-20,1,0,0.015332119
2024-08-20,1,0,0.009060571
2024-08-21,0,0,0.03735386
2024-08-21,0,0,0.17061861
2024-08-21,0,0,0.12178023
2024-08-22,0,0,0.0041687516
2024-08-22,0,0,0.013106386
2024-08-22,0,0,0.0141736185
2024-08-23,0,0,0.04941437
2024-08-23,0,0,0.08442539
2024-08-23,0,0,0.07712856
2024-08-24,0,0,0.010836686
2024-08-24,0,0,0.077648796
2024-08-24,0,0,0.006902658
2024-08-25,0,0,0.048021268
2024-08-25,0,0,0.011768273
2024-08-25,0,0,0.013497146
2024-08-26,0,0,0.02554381
2024-08-26,0,0,0.011147576
2024-08-26,0,0,0.03909036
2024-08-27,1,0,0.043674
2024-08-27,0,0,0.0080261845
2024-08-27,0,0,0.02746813
2024-08-28,0,0,0.029305385
2024-08-28,0,0,0.07075169
2024-08-28,0,0,0.21431601
2024-08-29,0,0,0.016072381
2024-08-29,0,0,0.07294781
2024-08-29,0,0,0.057808258
2024-08-30,0,0,0.007965762
2024-08-30,0,0,0.018338297
2024-08-30,0,0,0.00868294
2024-08-31,0,0,0.020792007
2024-08-31,0,0,0.017714208
2024-08-31,0,0,0.025471771
2024-09-01,0,0,0.024029292
2024-09-01,0,0,0.05819295
2024-09-01,0,0,0.052721117
2024-09-02,0,0,0.23034576
2024-09-02,0,0,0.03503316
2024-09-02,0,0,0.07794459
2024-09-03,0,0,0.042548787
2024-09-03,0,0,0.015534443
2024-09-03,0,0,0.0336952
2024-09-04,0,0,0.08509956
2024-09-04,0,0,0.2780652
2024-09-04,0,0,0.15004833
2024-09-05,0,0,0.007026179
2024-09-05,0,0,0.051725913
2024-09-05,0,0,0.021872109
2024-09-06,0,0,0.07854997
2024-09-06,0,0,0.2969243
2024-09-06,0,0,0.039983407
2024-09-07,0,0,0.04131126
2024-09-07,0,0,0.027777255
2024-09-07,0,0,0.013389952
2024-09-08,0,0,0.056579728
2024-09-08,0,0,0.010372683
2024-09-08,0,0,0.004067118
2024-09-09,0,0,0.01784287
2024-09-09,0,0,0.014808103
2024-09-09,0,0,0.026119146
2024-09-10,0,0,0.13761081
2024-09-10,0,0,0.041703638
2024-09-10,0,0,0.10688515
2024-09-11,0,0,0.09707423
2024-09-11,0,0,0.03801735
2024-09-11,0,0,0.12669966
2024-09-12,0,0,0.043110806
2024-09-12,0,0,0.058478676
2024-09-12,0,0,0.11449073
2024-09-13,0,0,0.037997983
2024-09-13,0,0,0.06578686
2024-09-13,0,0,0.08647624
2024-09-14,0,0,0.01844948
2024-09-14,0,0,0.009631756
2024-09-14,0,0,0.13190608
2024-09-15,0,0,0.078958385
2024-09-15,0,0,0.32409832
2024-09-15,0,0,0.45036387
2024-09-16,1,0,0.026821993
2024-09-16,1,0,0.00700842
2024-09-16,1,0,0.024266051
2024-09-17,0,1,0.8562827
2024-09-17,0,0,0.2647744
2024-09-17,0,1,0.70072865
2024-09-18,0,0,0.0142540755
2024-09-18,0,0,0.029277708
2024-09-18,0,0,0.02431993
2024-09-19,0,0,0.2771188
2024-09-19,0,0,0.11090119
2024-09-19,0,0,0.3396469
2024-09-20,0,0,0.009493229
2024-09-20,0,0,0.00793305
2024-09-20,0,0,0.013202715
2024-09-21,0,0,0.015929352
2024-09-21,0,0,0.0062245866
2024-09-21,0,0,0.010149834
2024-09-22,0,0,0.015388098
2024-09-22,0,0,0.010247596
2024-09-22,0,0,0.02297884
2024-09-23,0,0,0.015242894
2024-09-23,0,0,0.0038698283
2024-09-23,0,0,0.00462247
2024-09-24,0,0,0.017969046
2024-09-24,0,0,0.007702161
2024-09-24,0,0,0.0094291745
2024-09-25,0,0,0.008250869
2024-09-25,0,0,0.04460412
2024-09-25,0,0,0.032594495
2024-09-26,0,0,0.085871905
2024-09-26,0,0,0.028462768
2024-09-26,0,0,0.022419568
2024-09-27,0,0,0.007824553
2024-09-27,0,0,0.0045094052
2024-09-27,0,0,0.010451057
2024-09-28,0,0,0.0037250714
2024-09-28,0,0,0.0018902743
2024-09-28,0,0,0.0059986324
2024-09-29,0,1,0.826782
2024-09-29,0,0,0.09636741
2024-09-29,0,0,0.10678184
2024-09-30,0,0,0.020478683
2024-09-30,1,0,0.0069236555
2024-09-30,1,0,0.015554218
2024-10-01,0,1,0.70018774
2024-10-01,0,1,0.80807793
2024-10-01,0,0,0.32276645
2024-10-02,0,0,0.010357975
2024-10-02,0,0,0.019795502
2024-10-02,0,0,0.012633262
2024-10-03,0,0,0.060193677
2024-10-03,0,0,0.060470745
2024-10-03,0,0,0.025426876
2024-10-04,0,0,0.30912375
2024-10-04,0,0,0.2715222
2024-10-04,0,0,0.104346655
2024-10-05,1,0,0.015164652
2024-10-05,1,0,0.03852107
2024-10-05,0,0,0.044966903
2024-10-06,1,0,0.110743485
2024-10-06,1,0,0.07619084
2024-10-06,0,0,0.03358757
2024-10-07,0,0,0.009407411
2024-10-07,0,0,0.004310259
2024-10-07,0,0,0.0056366543
2024-10-08,0,0,0.013046215
2024-10-08,0,0,0.006709772
2024-10-08,0,0,0.019821752
2024-10-09,0,0,0.016521195
2024-10-09,0,0,0.02173142
2024-10-09,0,0,0.019979348
2024-10-10,0,0,0.006532778
2024-10-10,0,0,0.0032006255
2024-10-10,0,0,0.007371891
2024-10-11,1,0,0.11096307
2024-10-11,0,0,0.32937044
2024-10-11,1,0,0.2461179
2024-10-12,1,0,0.006139259
2024-10-12,0,0,0.0059325146
2024-10-12,0,0,0.011890452
2024-10-13,0,0,0.010109819
2024-10-13,1,0,0.030001927
2024-10-13,1,0,0.022038065
2024-10-14,0,0,0.0019901055
2024-10-14,1,0,0.007282952
2024-10-14,0,0,0.0114940815
2024-10-15,0,0,0.08968078
2024-10-15,0,0,0.009083685
2024-10-15,0,0,0.20900092
2024-10-16,0,0,0.019236684
2024-10-16,0,0,0.05830704
2024-10-16,0,0,0.0035480522
2024-10-17,0,0,0.020259574
2024-10-17,0,0,0.019783096
2024-10-17,0,0,0.01544363
2024-10-18,0,0,0.0006224841
2024-10-18,0,0,0.0011095216
2024-10-18,0,0,0.0003474738
2024-10-19,0,0,0.0004827241
2024-10-19,0,0,0.0009648233
2024-10-19,0,0,0.000818208
2024-10-20,0,0,0.002064346
2024-10-20,0,0,0.0018827146
2024-10-20,0,0,0.0010618303
2024-10-21,0,0,0.020769097
2024-10-21,0,0,0.0041148704
2024-10-21,0,0,0.0117859375
2024-10-22,0,0,0.005265683
2024-10-22,0,0,0.010428126
2024-10-22,0,0,0.013697915
2024-10-23,0,0,0.005568826
2024-10-23,0,0,0.013628032
2024-10-23,0,0,0.019305693
2024-10-24,0,0,0.008598971
2024-10-24,0,0,0.012687365
2024-10-24,0,0,0.0057743904
2024-10-25,0,0,0.0111503415
2024-10-25,0,0,0.014026524
2024-10-25,0,0,0.009387982
2024-10-26,0,0,0.004022352
2024-10-26,0,0,0.0027575109
2024-10-26,0,0,0.0027922885
2024-10-27,0,0,0.016564235
2024-10-27,0,0,0.008693729
2024-10-27,0,0,0.0090366835
2024-10-28,0,0,0.0019056068
2024-10-28,0,0,0.0061810687
2024-10-28,0,0,0.0014362035
2024-10-29,0,0,0.0021321399
2024-10-29,0,0,0.004760208
2024-10-29,0,0,0.0022338936
2024-10-30,0,0,0.0052545103
2024-10-30,0,0,0.014374335
2024-10-30,0,0,0.004657826
2024-10-31,0,0,0.0046109203
2024-10-31,0,0,0.01079188
2024-10-31,0,0,0.0074659777
2024-11-01,0,0,0.3105583
2024-11-01,0,0,0.095883325
2024-11-01,0,0,0.09395518
2024-11-02,0,0,0.011739328
2024-11-02,0,0,0.0036669876
2024-11-02,0,0,0.006014966
2024-11-03,0,0,0.1462951
2024-11-03,0,0,0.07478995
2024-11-03,0,0,0.09852659
2024-11-04,0,0,0.010034571
2024-11-04,0,0,0.038462434
2024-11-04,0,0,0.032868452
2024-11-05,0,0,0.026713733
2024-11-05,0,0,0.018809108
2024-11-05,0,0,0.08156568
2024-11-06,0,0,0.053681627
2024-11-06,0,0,0.13363504
2024-11-06,0,0,0.10363894
2024-11-07,0,0,0.23823336
2024-11-07,0,0,0.19296856
2024-11-07,0,0,0.15530916
2024-11-08,0,0,0.05285237
2024-11-08,0,0,0.025854332
2024-11-08,0,0,0.102190636
2024-11-09,0,0,0.009692105
2024-11-09,0,0,0.010548966
2024-11-09,0,0,0.003963484
2024-11-10,0,0,0.0017060871
2024-11-10,0,0,0.022956626
2024-11-10,0,0,0.010886599
2024-11-11,0,0,0.00435145
2024-11-11,0,0,0.0027234566
2024-11-11,0,0,0.0036901997
2024-11-12,0,0,0.032145582
2024-11-12,0,0,0.045370627
2024-11-12,0,0,0.01729161
2024-11-13,0,0,0.06555971
2024-11-13,0,0,0.1518081
2024-11-13,0,0,0.0059995055
2024-11-14,0,0,0.045871627
2024-11-14,0,0,0.026564127
2024-11-14,0,0,0.043853525
2024-11-15,1,0,0.09904022
2024-11-15,0,0,0.051069412
2024-11-15,0,0,0.4169252
2024-11-16,0,0,0.0076101064
2024-11-16,0,0,0.049165588
2024-11-16,0,0,0.04494788
2024-11-17,1,0,0.013922986
2024-11-17,1,0,0.0043408857
2024-11-17,0,0,0.055505514
2024-11-18,0,0,0.01783688
2024-11-18,0,0,0.017126333
2024-11-18,0,0,0.0039066784
2024-11-19,0,0,0.1796323
2024-11-19,0,0,0.09910344
2024-11-19,0,0,0.3926952
2024-11-20,0,0,0.042759024
2024-11-20,0,0,0.08467537
2024-11-20,0,0,0.063296236
2024-11-21,0,0,0.32264224
2024-11-21,0,0,0.35673907
2024-11-21,0,1,0.59741247
2024-11-22,0,0,0.2355356
2024-11-22,0,0,0.17774345
2024-11-22,0,0,0.09917974
2024-11-23,0,0,0.08022609
2024-11-23,0,0,0.058007587
2024-11-23,0,0,0.025711557
2024-11-24,0,0,0.13030025
2024-11-24,0,0,0.01090331
2024-11-24,0,0,0.004966032
2024-11-25,0,0,0.2566335
2024-11-25,0,0,0.023043178
2024-11-25,0,0,0.012769276
2024-11-26,0,0,0.07097551
2024-11-26,0,0,0.045870658
2024-11-26,0,0,0.42741737
2024-11-27,0,0,0.03769365
2024-11-27,0,0,0.107702196
2024-11-27,0,0,0.05580325
2024-11-28,0,0,0.07933203
2024-11-28,0,0,0.19092426
2024-11-28,0,0,0.11298143
2024-11-29,0,0,0.025960624
2024-11-29,0,0,0.044614047
2024-11-29,0,0,0.08733902
2024-11-30,0,0,0.12711826
2024-11-30,0,0,0.049280133
2024-11-30,0,0,0.06446392
2024-12-01,0,0,0.0045424704
2024-12-01,0,0,0.018559342
2024-12-01,0,0,0.0016690681
2024-12-02,1,0,0.0057308413
2024-12-02,1,0,0.005622118
2024-12-02,1,0,0.0056462837
2024-12-03,0,0,0.061855897
2024-12-03,0,0,0.0252945
2024-12-03,0,1,0.8223893
2024-12-04,0,0,0.030203894
2024-12-04,0,0,0.02680731
2024-12-04,0,0,0.0120945675
2024-12-05,0,0,0.021069016
2024-12-05,0,0,0.048778486
2024-12-05,0,0,0.043132205
2024-12-06,0,0,0.013134936
2024-12-06,0,0,0.045806795
2024-12-06,0,0,0.019204544
2024-12-07,0,0,0.004545283
2024-12-07,0,0,0.013007494
2024-12-07,0,0,0.009672916
2024-12-08,0,0,0.0061323233
2024-12-08,0,0,0.012380356
2024-12-08,0,0,0.0032253896
2024-12-09,0,0,0.0125921685
2024-12-09,0,0,0.03202547
2024-12-09,0,0,0.007885782
2024-12-10,0,0,0.012568605
2024-12-10,0,0,0.0049109627
2024-12-10,0,0,0.014969645
2024-12-11,0,0,0.0077418694
2024-12-11,0,0,0.09260499
2024-12-11,0,0,0.007597941
2024-12-12,0,0,0.031140275
2024-12-12,0,0,0.032177843
2024-12-12,0,0,0.02704596
2024-12-13,0,0,0.020379003
2024-12-13,0,0,0.06908195
2024-12-13,0,0,0.4177008
2024-12-14,0,0,0.01702431
2024-12-14,0,0,0.029044347
2024-12-14,0,0,0.20365514
2024-12-15,0,0,0.005834299
2024-12-15,0,0,0.0052164993
2024-12-15,0,0,0.0024805535
2024-12-16,0,0,0.01492425
2024-12-16,0,0,0.0073052184
2024-12-16,0,0,0.012543834
2024-12-17,0,0,0.011125701
2024-12-17,0,0,0.0064875074
2024-12-17,0,0,0.005083779
2024-12-18,0,0,0.016475754
2024-12-18,0,0,0.03882219
2024-12-18,0,0,0.015849994
2024-12-19,0,0,0.011258375
2024-12-19,0,0,0.016983679
2024-12-19,0,0,0.01340608
2024-12-20,0,0,0.068662435
2024-12-20,0,0,0.1028356
2024-12-20,0,0,0.039985996
2024-12-21,0,0,0.00290524
2024-12-21,0,0,0.028388219
2024-12-21,0,0,0.018404046
2024-12-22,0,0,0.36595982
2024-12-22,0,0,0.09554009
2024-12-22,0,0,0.005163595
2024-12-23,0,0,0.0012039657
2024-12-23,0,0,0.0027314553
2024-12-23,0,0,0.0012259545
2024-12-24,1,0,0.0033140131
2024-12-24,1,0,0.0019920915
2024-12-24,1,0,0.0011352797
2024-12-25,0,0,0.1598912
2024-12-25,0,0,0.1048935
2024-12-25,0,0,0.32759526
2024-12-26,0,0,0.024429861
2024-12-26,0,0,0.03174424
2024-12-26,0,0,0.02702784
2024-12-27,0,0,0.029749727
2024-12-27,0,0,0.06879986
2024-12-27,0,0,0.01320499
2024-12-28,0,0,0.0047819936
2024-12-28,0,0,0.005788753
2024-12-28,0,0,0.003744581
2024-12-29,0,0,0.0032043061
2024-12-29,0,0,0.0023450637
2024-12-29,0,0,0.0011064954
2024-12-30,0,0,0.0012584673
2024-12-30,0,0,0.0013838216
2024-12-30,0,0,0.0003556769
2024-12-31,0,0,0.001755144
2024-12-31,0,0,0.011314415
2024-12-31,0,0,0.0011934179
2025-01-01,0,0,0.0024443157
2025-01-01,0,0,0.009333034
2025-01-01,0,0,0.002609471
2025-01-02,0,0,0.024121355
2025-01-02,0,0,0.015398937
2025-01-02,0,0,0.0057829437
2025-01-03,0,0,0.19641593
2025-01-03,0,0,0.33827925
2025-01-03,0,0,0.16578352
2025-01-04,0,0,0.050635267
2025-01-04,0,0,0.07550763
2025-01-04,0,0,0.029700102
2025-01-05,0,0,0.03668868
2025-01-05,0,0,0.10344369
2025-01-05,0,0,0.06049526
2025-01-06,0,0,0.014540014
2025-01-06,0,0,0.0050236615
2025-01-06,0,0,0.0038157552
2025-01-07,1,0,0.27205247
2025-01-07,1,0,0.022881497
2025-01-07,1,0,0.016099295
2025-01-08,0,0,0.008224425
2025-01-08,0,0,0.0045474237
2025-01-08,0,0,0.0019110708
2025-01-09,0,0,0.05303271
2025-01-09,0,0,0.037467517
2025-01-09,0,0,0.009128807
2025-01-10,0,0,0.02689959
2025-01-10,0,0,0.073528856
2025-01-10,0,0,0.042595785
2025-01-11,0,0,0.004896473
2025-01-11,0,0,0.0073952745
2025-01-11,0,0,0.0015709993
2025-01-12,0,0,0.0015604025
2025-01-12,0,0,0.00066818536
2025-01-12,0,0,0.00026031744
2025-01-13,0,0,0.02234981
2025-01-13,0,0,0.0019259298
2025-01-13,0,0,0.0033641958
2025-01-14,0,0,0.003070736
2025-01-14,0,0,0.00089435186
2025-01-14,0,0,0.003153068
2025-01-15,0,0,0.007596514
2025-01-15,0,0,0.020149928
2025-01-15,0,0,0.18425283
2025-01-16,0,0,0.067245275
2025-01-16,0,0,0.004710916
2025-01-16,0,0,0.003245584
2025-01-17,0,0,0.07801997
2025-01-17,0,0,0.018800473
2025-01-17,0,0,0.011037613
2025-01-18,0,0,0.048105188
2025-01-18,1,0,0.02540015
2025-01-18,0,0,0.021353329
2025-01-19,0,0,0.004431781
2025-01-19,0,0,0.0051023182
2025-01-19,0,0,0.007972913
2025-01-20,0,0,0.0054804855
2025-01-20,0,0,0.0018004682
2025-01-20,0,0,0.015501313
2025-01-21,0,0,0.0065071234
2025-01-21,0,0,0.013631109
2025-01-21,0,0,0.0060728663
2025-01-22,1,0,0.02378092
2025-01-22,0,0,0.0013472365
2025-01-22,0,0,0.001830257
2025-01-23,0,0,0.03806106
2025-01-23,0,0,0.013986611
2025-01-23,0,0,0.008714284
2025-01-24,0,0,0.0059775608
2025-01-24,0,0,0.0027791893
2025-01-24,0,0,0.004993435
2025-01-25,0,0,0.017029505
2025-01-25,0,0,0.01998017
2025-01-25,0,0,0.03711857
2025-01-26,0,0,0.016885672
2025-01-26,0,0,0.001605459
2025-01-26,0,0,0.0016333658
2025-01-27,0,0,0.027312849
2025-01-27,0,0,0.03749833
2025-01-27,0,0,0.030690577
2025-01-28,0,0,0.008001469
2025-01-28,0,0,0.0028403723
2025-01-28,0,0,0.019812755
2025-01-29,0,0,0.026863946
2025-01-29,0,0,0.03323165
2025-01-29,0,0,0.009427291
2025-01-30,0,0,0.0006579822
2025-01-30,0,0,0.0010133939
2025-01-30,0,0,0.008349756
2025-01-31,0,0,0.029899795
2025-01-31,0,0,0.010840413
2025-01-31,0,0,0.005103415
2025-02-01,0,0,0.0056722984
2025-02-01,0,0,0.00086319196
2025-02-01,0,0,0.0005113646
2025-02-02,0,0,0.005964288
2025-02-02,0,0,0.0016323017
2025-02-02,0,0,0.0008132546
2025-02-03,0,0,0.006061919
2025-02-03,0,0,0.0016875868
2025-02-03,0,0,0.0013393902
2025-02-04,0,0,0.0024130682
2025-02-04,0,0,0.002497153
2025-02-04,0,0,0.006879003
2025-02-05,0,0,0.010626175
2025-02-05,0,0,0.0022128883
2025-02-05,0,0,0.013501502
2025-02-06,0,0,0.00085640524
2025-02-06,0,0,0.0028065557
2025-02-06,0,0,0.00472272
2025-02-07,0,1,0.521148
2025-02-07,0,0,0.050837137
2025-02-07,0,0,0.03309829
2025-02-08,0,0,0.1730764
2025-02-08,0,0,0.039516795
2025-02-08,0,0,0.04196744
2025-02-09,0,0,0.24665737
2025-02-09,0,0,0.04350976
2025-02-09,0,0,0.005267654
2025-02-10,0,0,0.41853082
2025-02-10,0,0,0.012352989
2025-02-10,0,0,0.042818327
2025-02-11,0,0,0.013420089
2025-02-11,0,0,0.013891656
2025-02-11,0,0,0.0061314083
2025-02-12,0,0,0.055927962
2025-02-12,0,0,0.013383396
2025-02-12,0,0,0.008114202
2025-02-13,0,0,0.004186504
2025-02-13,0,0,0.00438646
2025-02-13,0,0,0.005091469
2025-02-14,0,0,0.008754616
2025-02-14,0,0,0.011843228
2025-02-14,0,0,0.015039478
2025-02-15,0,0,0.007948707
2025-02-15,0,0,0.011221777
2025-02-15,0,0,0.009721368
2025-02-16,0,0,0.003198595
2025-02-16,0,0,0.0014166652
2025-02-16,0,0,0.0036893145
2025-02-17,0,0,0.06448
2025-02-17,0,0,0.011926367
2025-02-17,0,0,0.023574086
2025-02-18,0,0,0.4995379
2025-02-18,0,0,0.058658935
2025-02-18,0,0,0.31177902
2025-02-19,1,0,0.076819584
2025-02-19,0,0,0.057236493
2025-02-19,1,0,0.009832069
2025-02-20,0,0,0.025810946
2025-02-20,0,0,0.03327924
2025-02-20,0,0,0.048189387
2025-02-21,0,0,0.0038456994
2025-02-21,0,0,0.17937328
2025-02-21,0,0,0.007402033
2025-02-22,0,0,0.056076
2025-02-22,0,0,0.0555658
2025-02-22,0,0,0.032693364
2025-02-23,0,0,0.029782282
2025-02-23,0,0,0.15797941
2025-02-23,0,0,0.012539693
2025-02-24,0,0,0.017050311
2025-02-24,0,0,0.048304856
2025-02-24,0,0,0.058797598
2025-02-25,0,0,0.006850107
2025-02-25,0,0,0.0012314229
2025-02-25,0,0,0.0029362289
2025-02-26,0,0,0.039395172
2025-02-26,0,0,0.0023079969
2025-02-26,0,0,0.013316655
2025-02-27,0,0,0.010388668
2025-02-27,0,0,0.015205235
2025-02-27,0,0,0.0026199277
2025-02-28,0,0,0.112345085
2025-02-28,0,0,0.049383093
2025-02-28,0,0,0.025054036
2025-03-01,0,0,0.44640994
2025-03-01,0,0,0.4965823
2025-03-01,0,0,0.13929044
2025-03-02,0,0,0.033545796
2025-03-02,0,0,0.2900472
2025-03-02,0,0,0.020967862
2025-03-03,0,0,0.053824063
2025-03-03,0,0,0.02830191
2025-03-03,0,0,0.020653164
2025-03-04,0,0,0.037684467
2025-03-04,0,0,0.031771608
2025-03-04,0,0,0.06396291
2025-03-05,0,0,0.10410257
2025-03-05,0,0,0.14288004
2025-03-05,0,0,0.09619125
2025-03-06,1,0,0.067420706
2025-03-06,0,0,0.030184504
2025-03-06,1,0,0.009996596
2025-03-07,0,0,0.05918689
2025-03-07,0,0,0.031999715
2025-03-07,0,0,0.06975466
2025-03-08,0,0,0.008566771
2025-03-08,0,0,0.10807261
2025-03-08,0,0,0.22385567
2025-03-09,0,0,0.12601219
2025-03-09,0,0,0.086365156
2025-03-09,0,0,0.03740674
2025-03-10,0,0,0.099746175
2025-03-10,0,0,0.036235448
2025-03-10,0,0,0.016013287
2025-03-11,0,0,0.030947652
2025-03-11,0,0,0.0151549
2025-03-11,0,0,0.006564728
2025-03-12,1,0,0.058045052
2025-03-12,0,0,0.22431357
2025-03-12,0,0,0.03452896
2025-03-13,1,0,0.104585804
2025-03-13,0,0,0.060536034
2025-03-13,0,0,0.04026781
2025-03-14,0,0,0.0424252
2025-03-14,0,0,0.14778186
2025-03-14,0,0,0.039352812
2025-03-15,0,0,0.013657909
2025-03-15,0,0,0.0435432
2025-03-15,0,0,0.05382719
2025-03-16,0,0,0.0038678455
2025-03-16,0,0,0.019198181
2025-03-16,0,0,0.008592535
2025-03-17,0,0,0.044852223
2025-03-17,0,0,0.053141594
2025-03-17,0,0,0.108920984
2025-03-18,0,0,0.021649115
2025-03-18,0,0,0.019567367
2025-03-18,0,0,0.012117532
2025-03-19,0,0,0.012469632
2025-03-19,0,0,0.025456984
2025-03-19,0,0,0.016688999
2025-03-20,0,0,0.030590871
2025-03-20,0,0,0.037854888
2025-03-20,0,0,0.016884778
2025-03-21,0,0,0.059824087
2025-03-21,0,0,0.057443842
2025-03-21,0,0,0.012833526
2025-03-22,0,0,0.08560262
2025-03-22,0,0,0.13207881
2025-03-22,0,0,0.028891208
2025-03-23,0,0,0.15223241
2025-03-23,0,0,0.16268809
2025-03-23,0,0,0.011431577
2025-03-24,0,0,0.15281187
2025-03-24,0,0,0.11351232
2025-03-24,0,0,0.1959015
2025-03-25,0,0,0.009440169
2025-03-25,0,0,0.0027552317
2025-03-25,0,0,0.0028221672
2025-03-26,0,0,0.23950881
2025-03-26,0,0,0.05209254
2025-03-26,0,0,0.057298083
2025-03-27,0,0,0.032342236
2025-03-27,0,0,0.038386535
2025-03-27,0,0,0.0137566505
2025-03-28,1,0,0.28636554
2025-03-28,0,0,0.10022185
2025-03-28,1,0,0.040728167
2025-03-29,0,0,0.11925125
2025-03-29,0,0,0.13630143
2025-03-29,0,0,0.1940709
2025-03-30,0,0,0.0016190546
2025-03-30,0,0,0.10664193
2025-03-30,0,0,0.00074956316
2025-03-31,0,0,0.024267988
2025-03-31,0,0,0.117683634
2025-03-31,0,0,0.017059663
2025-04-01,0,0,0.0010700913
2025-04-01,0,0,0.0038987964
2025-04-01,0,0,0.0003208025
2025-04-02,0,0,0.0059556635
2025-04-02,0,0,0.014087191
2025-04-02,0,0,0.0022948005
2025-04-03,0,0,0.0027650266
2025-04-03,0,0,0.0097838435
2025-04-03,0,0,0.0077675777
2025-04-04,0,0,0.0068537216
2025-04-04,0,0,0.007828383
2025-04-04,0,0,0.0008902992
2025-04-05,0,0,0.021980608
2025-04-05,0,0,0.0835023
2025-04-05,0,0,0.01157535
2025-04-06,0,0,0.011254251
2025-04-06,0,0,0.02311228
2025-04-06,0,0,0.028810719
2025-04-07,1,0,0.032804564
2025-04-07,0,0,0.013121555
2025-04-07,0,0,0.0065390887
2025-04-08,0,0,0.16935048
2025-04-08,0,0,0.013712998
2025-04-08,0,0,0.013274025
2025-04-09,0,0,0.003058112
2025-04-09,0,0,0.0056207376
2025-04-09,0,0,0.006211174
2025-04-10,0,0,0.0050320844
2025-04-10,0,0,0.0055103586
2025-04-10,0,0,0.01183814
2025-04-11,0,0,0.013556957
2025-04-11,0,0,0.011474096
2025-04-11,0,0,0.00982214
2025-04-12,0,0,0.13891107
2025-04-12,0,0,0.07320903
2025-04-12,0,0,0.041411147
2025-04-13,0,0,0.0031875006
2025-04-13,0,0,0.040340185
2025-04-13,0,0,0.014691563
2025-04-14,0,0,0.13484682
2025-04-14,0,0,0.08940344
2025-04-14,0,0,0.016644415
2025-04-15,1,0,0.016772157
2025-04-15,0,0,0.005775094
2025-04-15,0,0,0.0087059345
2025-04-16,0,0,0.0428556
2025-04-16,0,0,0.029898599
2025-04-16,0,0,0.02269833
2025-04-17,0,0,0.005207641
2025-04-17,0,0,0.022925546
2025-04-17,0,0,0.0748455
2025-04-18,0,0,0.0050624786
2025-04-18,0,0,0.05279039
2025-04-18,0,0,0.024265962
2025-04-19,0,0,0.016612627
2025-04-19,0,0,0.0903279
2025-04-19,0,0,0.012899273
2025-04-20,0,0,0.028504426
2025-04-20,0,0,0.018530853
2025-04-20,0,0,0.0042211064
2025-04-21,0,0,0.022445595
2025-04-21,0,0,0.35192934
2025-04-21,0,0,0.41061306
2025-04-22,0,0,0.007073675
2025-04-22,0,0,0.044373605
2025-04-22,0,0,0.032226365
2025-04-23,0,0,0.017070077
2025-04-23,0,0,0.013834623
2025-04-23,0,0,0.013910997
2025-04-24,0,0,0.0059428997
2025-04-24,0,0,0.012210082
2025-04-24,0,0,0.02784086
2025-04-25,0,0,0.0755306
2025-04-25,0,0,0.028584065
2025-04-25,0,0,0.009965159
2025-04-26,0,0,0.010119238
2025-04-26,0,0,0.017938577
2025-04-26,0,0,0.00089820934
2025-04-27,0,0,0.01137936
2025-04-27,0,0,0.037355214
2025-04-27,0,0,0.0012920253
2025-04-28,0,0,0.014004727
2025-04-28,0,0,0.026745345
2025-04-28,0,0,0.005939546
2025-04-29,0,0,0.02024176
2025-04-29,0,0,0.030656008
2025-04-29,0,0,0.0011793397
2025-04-30,0,0,0.0053981524
2025-04-30,0,0,0.06134272
2025-04-30,0,0,0.0376001
2025-05-01,0,0,0.025881415
2025-05-01,0,0,0.007849102
2025-05-01,0,0,0.0065929624
2025-05-02,0,0,0.0141591085
2025-05-02,0,0,0.016032005
2025-05-02,0,0,0.05198919
2025-05-03,0,0,0.001993297
2025-05-03,0,0,0.0049636792
2025-05-03,0,0,0.005471477
2025-05-04,0,0,0.01812815
2025-05-04,0,0,0.0066609913
2025-05-04,0,0,0.0044176066
2025-05-05,0,0,0.025384037
2025-05-05,0,0,0.026454234
2025-05-05,0,0,0.022090698
2025-05-06,0,0,0.0017253212
2025-05-06,0,0,0.0011909283
2025-05-06,0,0,0.0031844326
2025-05-07,0,0,0.045440122
2025-05-07,0,0,0.08008095
2025-05-07,0,0,0.05450577
2025-05-08,0,0,0.008257388
2025-05-08,0,0,0.011136481
2025-05-08,0,0,0.008440441
2025-05-09,0,0,0.0072278795
2025-05-09,0,0,0.0186111
2025-05-09,0,0,0.012409133
2025-05-10,0,0,0.081749886
2025-05-10,0,0,0.046158396
2025-05-10,0,0,0.031314377
2025-05-11,1,0,0.0011759654
2025-05-11,1,0,0.0012371265
2025-05-11,1,0,0.0052042976
2025-05-12,0,0,0.06298188
2025-05-12,1,0,0.17167914
2025-05-12,0,0,0.28385976
2025-05-13,0,0,0.012424329
2025-05-13,0,0,0.084929615
2025-05-13,0,0,0.023387179
2025-05-14,0,0,0.0060291886
2025-05-14,0,0,0.016436486
2025-05-14,0,0,0.006987644
2025-05-15,0,0,0.005769665
2025-05-15,0,0,0.026611172
2025-05-15,0,0,0.0071307267
2025-05-16,0,0,0.01290534
2025-05-16,0,0,0.030158387
2025-05-16,0,0,0.010088701
2025-05-17,0,0,0.07298599
2025-05-17,0,0,0.112283945
2025-05-17,0,0,0.056192107
2025-05-18,0,0,0.019395204
2025-05-18,0,0,0.04107011
2025-05-18,0,0,0.021828312
2025-05-19,0,0,0.08004012
2025-05-19,0,0,0.07922584
2025-05-19,0,0,0.1303088
2025-05-20,0,0,0.011043486
2025-05-20,0,0,0.027098259
2025-05-20,0,0,0.011089001
2025-05-21,0,0,0.06036101
2025-05-21,0,0,0.115814276
2025-05-21,0,0,0.017118003
2025-05-22,0,0,0.020533038
2025-05-22,0,0,0.030159405
2025-05-22,0,0,0.008702758
2025-05-23,0,0,0.03027875
2025-05-23,0,0,0.03963764
2025-05-23,0,0,0.011727484
2025-05-24,0,0,0.072292715
2025-05-24,0,0,0.22039686
2025-05-24,0,0,0.051010046
2025-05-25,0,0,0.0050276243
2025-05-25,0,0,0.0025425183
2025-05-25,0,0,0.0015994202
2025-05-26,0,0,0.012366685
2025-05-26,0,0,0.013068595
2025-05-26,0,0,0.011509435
2025-05-27,0,0,0.009786043
2025-05-27,0,0,0.01382347
2025-05-27,0,0,0.006434788
2025-05-28,0,0,0.037945405
2025-05-28,0,0,0.14741269
2025-05-28,0,0,0.018056726
2025-05-29,0,0,0.012304849
2025-05-29,0,0,0.03743161
2025-05-29,0,0,0.014739455
2025-05-30,0,0,0.02239645
2025-05-30,0,0,0.05593802
2025-05-30,0,0,0.017018909
2025-05-31,0,0,0.0043983436
2025-05-31,0,0,0.016147759
2025-05-31,0,0,0.0056955502
2025-06-01,0,0,0.004032292
2025-06-01,0,0,0.0056417617
2025-06-01,0,0,0.0042427215
2025-06-02,0,0,0.003276014
2025-06-02,0,0,0.0055449004
2025-06-02,0,0,0.003003686
2025-06-03,0,0,0.0005975859
2025-06-03,0,0,0.0011454364
2025-06-03,0,0,0.0006899251
2025-06-04,0,0,0.0014526726
2025-06-04,0,0,0.0070513277
2025-06-04,0,0,0.0009769342
2025-06-05,0,0,0.0010275098
2025-06-05,0,0,0.0019806582
2025-06-05,0,0,0.0009263945
2025-06-06,0,0,0.012046093
2025-06-06,0,0,0.007848523
2025-06-06,0,0,0.017637316
2025-06-07,0,0,0.013687044
2025-06-07,0,0,0.033980284
2025-06-07,0,0,0.020236412
2025-06-08,0,0,0.26196164
2025-06-08,0,1,0.718366
2025-06-08,0,1,0.51458436
2025-06-09,0,0,0.07300973
2025-06-09,0,0,0.0059018238
2025-06-09,0,0,0.019983476
2025-06-10,1,0,0.08377921
2025-06-10,1,0,0.013481549
2025-06-10,1,0,0.027251072
2025-06-11,0,0,0.12834153
2025-06-11,0,0,0.09970966
2025-06-11,0,0,0.019943533
2025-06-12,0,0,0.01289957
2025-06-12,0,0,0.007509408
2025-06-12,0,0,0.018840833
2025-06-13,0,0,0.026628206
2025-06-13,0,0,0.006731184
2025-06-13,0,0,0.0031143748
2025-06-14,0,0,0.013750234
2025-06-14,0,0,0.02473764
2025-06-14,0,0,0.029351665
2025-06-15,0,0,0.024975797
2025-06-15,0,0,0.016404333
2025-06-15,0,0,0.017539326
2025-06-16,0,0,0.074186556
2025-06-16,0,0,0.030354006
2025-06-16,0,0,0.03733106
2025-06-17,0,0,0.02265063
2025-06-17,0,0,0.011344619
2025-06-17,0,0,0.0072465953
2025-06-18,1,0,0.020353943
2025-06-18,0,0,0.043888256
2025-06-18,0,0,0.012948239
2025-06-19,0,0,0.02637984
2025-06-19,0,0,0.010101547
2025-06-19,0,0,0.017563771
2025-06-20,0,0,0.0021481672
2025-06-20,0,0,0.0052593877
2025-06-20,0,0,0.0022310184
2025-06-21,0,0,0.016742246
2025-06-21,0,0,0.00878235
2025-06-21,0,0,0.0150716305
2025-06-22,0,0,0.07281338
2025-06-22,0,0,0.03341756
2025-06-22,0,0,0.06047433
2025-06-23,0,0,0.08477509
2025-06-23,0,0,0.044718172
2025-06-23,0,0,0.056112543
2025-06-24,0,0,0.0119206095
2025-06-24,0,0,0.01242588
2025-06-24,0,0,0.02606169
2025-06-25,0,0,0.103456244
2025-06-25,0,0,0.062460657
2025-06-25,0,0,0.015764654
2025-06-26,0,0,0.00789082
2025-06-26,0,0,0.0049727405
2025-06-26,0,0,0.014880995
2025-06-27,0,0,0.0110490015
2025-06-27,0,0,0.006466118
2025-06-27,0,0,0.010395684
2025-06-28,0,0,0.013830981
2025-06-28,0,0,0.007420814
2025-06-28,0,0,0.020250646
2025-06-29,0,0,0.19396685
2025-06-29,0,1,0.6375185
2025-06-29,0,0,0.44811937
2025-06-30,0,0,0.019614603
2025-06-30,0,0,0.01551953
2025-06-30,0,0,0.087600306
2025-07-01,0,0,0.00721508
2025-07-01,0,0,0.004903756
2025-07-01,0,0,0.0029446012
2025-07-02,0,0,0.037903797
2025-07-02,0,0,0.047767356
2025-07-02,0,0,0.043441113
2025-07-03,0,0,0.010914778
2025-07-03,0,0,0.009653408
2025-07-03,0,0,0.0037363092
2025-07-04,0,0,0.0051590335
2025-07-04,0,0,0.0119101275
2025-07-04,0,0,0.014505953
2025-07-05,0,0,0.0098027885
2025-07-05,0,0,0.0068910113
2025-07-05,0,0,0.0036214602
2025-07-06,0,0,0.022706464
2025-07-06,0,0,0.0141619835
2025-07-06,0,0,0.010007588
2025-07-07,0,0,0.014753615
2025-07-07,0,0,0.024333026
2025-07-07,0,0,0.042783383
2025-07-08,0,0,0.034456443
2025-07-08,0,0,0.007266158
2025-07-08,0,0,0.05413314
2025-07-09,0,0,0.010108206
2025-07-09,0,0,0.0035028828
2025-07-09,0,0,0.010651682
2025-07-10,0,0,0.11200414
2025-07-10,0,0,0.117571846
2025-07-10,0,1,0.5445809
2025-07-11,0,0,0.0034199627
2025-07-11,0,0,0.0028841512
2025-07-11,0,0,0.0021427935
2025-07-12,0,0,0.03369759
2025-07-12,0,0,0.050488938
2025-07-12,0,0,0.025886208
2025-07-13,0,0,0.014419933
2025-07-13,0,0,0.03295726
2025-07-13,0,0,0.007903514
2025-07-14,1,0,0.31406653
2025-07-14,1,0,0.14162564
2025-07-14,0,0,0.24684373
2025-07-15,0,0,0.3856975
2025-07-15,0,1,0.6328893
2025-07-15,0,0,0.06482853
2025-07-16,0,0,0.042073667
2025-07-16,0,0,0.012657576
2025-07-16,0,0,0.008491155
2025-07-17,0,0,0.024919698
2025-07-17,0,0,0.0068466626
2025-07-17,0,0,0.0040987283
2025-07-18,0,0,0.11708199
2025-07-18,0,0,0.08456338
2025-07-18,0,0,0.05858283
2025-07-19,0,0,0.014412195
2025-07-19,0,0,0.014408139
2025-07-19,0,0,0.018033588
2025-07-20,0,0,0.0074124495
2025-07-20,0,0,0.010214809
2025-07-20,0,0,0.024799556
2025-07-21,0,0,0.2396353
2025-07-21,0,0,0.08958785
2025-07-21,0,0,0.17431816
2025-07-22,0,0,0.086313516
2025-07-22,0,0,0.09885941
2025-07-22,0,0,0.24899116
2025-07-23,0,0,0.00080280204
2025-07-23,0,0,0.008826798
2025-07-23,0,0,0.001640461
2025-07-24,0,0,0.008053854
2025-07-24,0,0,0.031902377
2025-07-24,0,0,0.024718447
2025-07-25,0,0,0.005215577
2025-07-25,0,0,0.0061493395
2025-07-25,0,0,0.0061836415
2025-07-26,0,0,0.0033901457
2025-07-26,0,0,0.0049387817
2025-07-26,1,0,0.0034383098
2025-07-27,0,0,0.20222436
2025-07-27,0,0,0.21417274
2025-07-27,0,0,0.05649677
2025-07-28,0,0,0.061667874
2025-07-28,0,0,0.013578471
2025-07-28,0,0,0.0042797304
2025-07-29,0,0,0.01596074
2025-07-29,0,0,0.0607407
2025-07-29,0,0,0.1389763
2025-07-30,0,0,0.06574033
2025-07-30,0,0,0.060821626
2025-07-30,0,0,0.009656225
2025-07-31,0,0,0.12306098
2025-07-31,0,0,0.1214592
2025-07-31,0,0,0.115266055
2025-08-01,0,0,0.027072405
2025-08-01,0,0,0.020098964
2025-08-01,0,0,0.02533488
2025-08-02,0,0,0.025197199
2025-08-02,0,0,0.047008637
2025-08-02,0,0,0.05445823
2025-08-03,0,0,0.15570116
2025-08-03,0,0,0.046813454
2025-08-03,0,0,0.17658521
2025-08-04,0,0,0.13848262
2025-08-04,0,0,0.011286153
2025-08-04,0,0,0.13921365
2025-08-05,0,0,0.050140377
2025-08-05,0,0,0.009031897
2025-08-05,0,0,0.009535222
2025-08-06,0,0,0.059164487
2025-08-06,0,0,0.17753239
2025-08-06,0,0,0.3895131
2025-08-07,0,0,0.061761633
2025-08-07,0,0,0.09692133
2025-08-07,0,0,0.17589086
2025-08-08,0,0,0.12257491
2025-08-08,0,0,0.08901216
2025-08-08,0,0,0.18753749
2025-08-09,1,0,0.11666509
2025-08-09,1,0,0.063784964
2025-08-09,0,0,0.04854942
2025-08-10,0,0,0.13124524
2025-08-10,0,1,0.62688214
2025-08-10,0,0,0.37899086
2025-08-11,1,0,0.049582403
2025-08-11,0,0,0.008377086
2025-08-11,0,0,0.055576704
2025-08-12,0,1,0.6438763
2025-08-12,0,0,0.49893528
2025-08-12,0,0,0.059027284
2025-08-13,0,0,0.014850571
2025-08-13,0,0,0.025683101
2025-08-13,0,0,0.007537372
2025-08-14,0,0,0.01707728
2025-08-14,0,0,0.013548498
2025-08-14,0,0,0.107127964
2025-08-15,0,0,0.019679915
2025-08-15,0,0,0.030345542
2025-08-15,0,0,0.008996663
2025-08-16,0,0,0.0067352336
2025-08-16,0,0,0.0051025143
2025-08-16,0,0,0.003328683
2025-08-17,0,0,0.057331316
2025-08-17,0,0,0.066089354
2025-08-17,0,0,0.035535146
2025-08-18,0,0,0.030085243
2025-08-18,0,0,0.041623875
2025-08-18,0,0,0.05665457
2025-08-19,0,0,0.09598298
2025-08-19,0,0,0.048353456
2025-08-19,0,0,0.09542795
2025-08-20,0,0,0.023555253
2025-08-20,0,0,0.20442449
2025-08-20,0,0,0.07102514
2025-08-21,0,0,0.044769105
2025-08-21,0,0,0.3215199
2025-08-21,0,0,0.16399689
2025-08-22,0,0,0.06134582
2025-08-22,0,0,0.080453366
2025-08-22,0,0,0.05273629
2025-08-23,0,0,0.123547934
2025-08-23,0,1,0.51196164
2025-08-23,0,0,0.38775572
2025-08-24,0,0,0.08103869
2025-08-24,0,0,0.10473263
2025-08-24,0,0,0.24358971
2025-08-25,0,0,0.012563228
2025-08-25,0,0,0.003645566
2025-08-25,0,0,0.004335658
2025-08-26,0,0,0.003298518
2025-08-26,0,0,0.0076341177
2025-08-26,0,0,0.01695014
2025-08-27,0,0,0.014877935
2025-08-27,0,0,0.064174466
2025-08-27,0,0,0.04676032
2025-08-28,0,0,0.0056725326
2025-08-28,0,0,0.02495506
2025-08-28,0,0,0.028770015
2025-08-29,1,0,0.047838263
2025-08-29,1,0,0.012429684
2025-08-29,1,0,0.013650215
2025-08-30,0,0,0.17640275
2025-08-30,0,0,0.13781509
2025-08-30,0,0,0.106370896
2025-08-31,0,0,0.0014844658
2025-08-31,0,0,0.0036785123
2025-08-31,0,0,0.013294582
2025-09-01,0,0,0.04967779
2025-09-01,0,0,0.046968367
2025-09-01,0,0,0.051810376
2025-09-02,0,0,0.04899175
2025-09-02,0,0,0.03778293
2025-09-02,0,0,0.019748826
2025-09-03,0,0,0.22723769
2025-09-03,0,0,0.3308537
2025-09-03,0,0,0.15488788
2025-09-04,1,0,0.07735658
2025-09-04,1,0,0.069951475
2025-09-04,1,0,0.19403933
2025-09-05,0,0,0.09615668
2025-09-05,0,0,0.10613909
2025-09-05,0,0,0.064673014
2025-09-06,0,0,0.0069013927
2025-09-06,0,0,0.0067158476
2025-09-06,0,0,0.006420691
2025-09-07,0,0,0.029698158
2025-09-07,0,0,0.014855658
2025-09-07,0,0,0.029680725
2025-09-08,0,0,0.04145118
2025-09-08,0,0,0.033730622
2025-09-08,0,0,0.0629537
2025-09-09,0,0,0.02473695
2025-09-09,0,0,0.008520326
2025-09-09,0,0,0.025902698
2025-09-10,0,0,0.26058203
2025-09-10,0,0,0.12577844
2025-09-10,0,0,0.28823945
2025-09-11,0,0,0.16086648
2025-09-11,0,0,0.17155638
2025-09-11,0,0,0.31600806
2025-09-12,0,0,0.13574564
2025-09-12,0,0,0.089957856
2025-09-12,0,0,0.123082556
2025-09-13,0,0,0.027633354
2025-09-13,0,0,0.074452534
2025-09-13,0,0,0.11597996
2025-09-14,0,0,0.00786804
2025-09-14,0,0,0.0048094695
2025-09-14,0,0,0.009049178
2025-09-15,0,0,0.07307438
2025-09-15,0,0,0.017375324
2025-09-15,0,0,0.052507915
2025-09-16,0,0,0.03827485
2025-09-16,0,0,0.025841538
2025-09-16,0,0,0.07514924
2025-09-17,0,0,0.066715516
2025-09-17,0,0,0.074471496
2025-09-17,0,0,0.08783318
2025-09-18,0,0,0.06867668
2025-09-18,0,0,0.08140998
2025-09-18,0,0,0.052538265
2025-09-19,0,0,0.031412743
2025-09-19,0,0,0.025843272
2025-09-19,0,0,0.014644529
2025-09-20,0,0,0.03828426
2025-09-20,0,0,0.17097145
2025-09-20,0,0,0.024827069
2025-09-21,0,0,0.18413588
2025-09-21,0,1,0.5414839
2025-09-21,0,0,0.49508363
2025-09-22,0,0,0.030458003
2025-09-22,0,0,0.0046725506
2025-09-22,0,0,0.06664582
2025-09-23,0,0,0.028015662
2025-09-23,0,0,0.0033114168
2025-09-23,0,0,0.024873277
2025-09-24,0,0,0.028781867
2025-09-24,1,0,0.10286907
2025-09-24,0,0,0.061531916
2025-09-25,0,0,0.0793325
2025-09-25,0,0,0.07268455
2025-09-25,0,0,0.2537558
2025-09-26,0,0,0.065792516
2025-09-26,0,0,0.008090641
2025-09-26,0,0,0.35044098
2025-09-27,0,0,0.018963447
2025-09-27,0,0,0.0064099594
2025-09-27,0,0,0.048386093
2025-09-28,0,0,0.048583858
2025-09-28,0,0,0.051277556
2025-09-28,0,0,0.010766905
2025-09-29,0,0,0.011957019
2025-09-29,0,0,0.0120055005
2025-09-29,0,0,0.034808245
2025-09-30,0,0,0.09620642
2025-09-30,0,1,0.51465684
2025-09-30,0,1,0.5222361
2025-10-01,0,0,0.0029398787
2025-10-01,0,0,0.028415542
2025-10-01,0,0,0.047866855
2025-10-02,0,0,0.07309349
2025-10-02,0,0,0.020290472
2025-10-02,0,0,0.014145683
2025-10-03,0,0,0.04990385
2025-10-03,0,0,0.051780093
2025-10-03,0,0,0.08126759
2025-10-04,0,0,0.08905029
2025-10-04,0,0,0.02429127
2025-10-04,0,0,0.34652516
2025-10-05,0,0,0.10339147
2025-10-05,0,0,0.06819236
2025-10-05,0,0,0.10258573
2025-10-06,0,0,0.02836807
2025-10-06,0,0,0.02186934
2025-10-06,0,0,0.005487869
2025-10-07,0,0,0.0056357994
2025-10-07,0,0,0.0070677726
2025-10-07,0,0,0.0016641984
2025-10-08,0,0,0.036649663
2025-10-08,0,0,0.03649409
2025-10-08,0,0,0.0024679783
2025-10-09,0,0,0.037657395
2025-10-09,0,0,0.010954322
2025-10-09,0,0,0.0040313196
2025-10-10,0,0,0.002575701
2025-10-10,0,0,0.026676016
2025-10-10,0,0,0.0112835355
2025-10-11,0,0,0.001062057
2025-10-11,0,0,0.0021258227
2025-10-11,0,0,0.0016668235
2025-10-12,0,0,0.004346794
2025-10-12,0,0,0.0011794537
2025-10-12,0,0,0.001324029
2025-10-13,0,0,0.0027749925
2025-10-13,0,0,0.0029383444
2025-10-13,0,0,0.012096362
2025-10-14,0,0,0.004871933
2025-10-14,0,0,0.008437932
2025-10-14,0,0,0.005271498
2025-10-15,0,0,0.007966392
2025-10-15,0,0,0.015340645
2025-10-15,0,0,0.0018277386
2025-10-16,0,0,0.0431339
2025-10-16,0,0,0.17774668
2025-10-16,0,0,0.07945897
2025-10-17,0,0,0.007181069
2025-10-17,0,0,0.020191984
2025-10-17,0,0,0.028925344
2025-10-18,0,0,0.0019822074
2025-10-18,0,0,0.0039865184
2025-10-18,0,0,0.0011375677
2025-10-19,0,0,0.043292616
2025-10-19,0,0,0.11305953
2025-10-19,0,0,0.43993607
2025-10-20,0,0,0.010970551
2025-10-20,0,0,0.02873225
2025-10-20,0,0,0.014377517
2025-10-21,0,0,0.14889817
2025-10-21,0,0,0.14736374
2025-10-21,0,0,0.019791037
2025-10-22,0,0,0.014861568
2025-10-22,0,0,0.0042793765
2025-10-22,0,0,0.0014452107
2025-10-23,0,0,0.027858553
2025-10-23,0,0,0.012915275
2025-10-23,0,0,0.007964055
2025-10-24,0,0,0.08236475
2025-10-24,0,0,0.04928812
2025-10-24,0,0,0.29112262
2025-10-25,0,0,0.027696364
2025-10-25,0,0,0.030005457
2025-10-25,0,0,0.05339675
2025-10-26,0,0,0.13076924
2025-10-26,0,0,0.101130664
2025-10-26,0,0,0.49727726
2025-10-27,0,0,0.003218731
2025-10-27,0,0,0.0018345446
2025-10-27,0,0,0.01724859
2025-10-28,0,0,0.006207534
2025-10-28,0,0,0.006481529
2025-10-28,0,0,0.0035692626
2025-10-29,0,0,0.0026356608
2025-10-29,0,0,0.007774575
2025-10-29,0,0,0.002097582
2025-10-30,0,0,0.00920619
2025-10-30,0,0,0.0039922935
2025-10-30,0,0,0.012612277
2025-10-31,0,0,0.005996094
2025-10-31,0,0,0.0064634318
2025-10-31,0,0,0.0038335396
2025-11-01,0,0,0.010491992
2025-11-01,0,0,0.011520931
2025-11-01,0,0,0.004158917
2025-11-02,0,0,0.01173556
2025-11-02,0,0,0.0012251647
2025-11-02,0,0,0.001465863
2025-11-03,0,0,0.004817638
2025-11-03,0,0,0.0027058728
2025-11-03,0,0,0.0013039439
2025-11-04,0,0,0.0007181348
2025-11-04,0,0,0.0012665909
2025-11-04,0,0,0.0010965279
2025-11-05,0,0,0.0019629307
2025-11-05,0,0,0.0031290685
2025-11-05,0,0,0.0010975192
2025-11-06,0,0,0.072242506
2025-11-06,0,0,0.10071262
2025-11-06,0,0,0.063056424
2025-11-07,0,0,0.17262815
2025-11-07,0,0,0.0635941
2025-11-07,0,0,0.2823592
2025-11-08,0,0,0.03093254
2025-11-08,0,0,0.023809008
2025-11-08,0,0,0.019806635
2025-11-09,0,0,0.0027208184
2025-11-09,0,0,0.0033780648
2025-11-09,0,0,0.004440156
2025-11-10,0,0,0.062263213
2025-11-10,0,0,0.015237698
2025-11-10,0,0,0.09758376
2025-11-11,0,0,0.05963633
2025-11-11,0,0,0.052232936
2025-11-11,0,0,0.13323562
2025-11-12,0,0,0.039138626
2025-11-12,0,0,0.08884459
2025-11-12,0,0,0.059792913
2025-11-13,0,0,0.033398904
2025-11-13,0,0,0.0414719
2025-11-13,0,0,0.028589657
2025-11-14,0,0,0.48322865
2025-11-14,0,0,0.16871633
2025-11-14,0,0,0.11700906
2025-11-15,0,0,0.0077248295
2025-11-15,0,0,0.015838968
2025-11-15,0,0,0.0062044635
2025-11-16,0,0,0.002373185
2025-11-16,0,0,0.0021493102
2025-11-16,0,0,0.0022418427
2025-11-17,0,0,0.0016798746
2025-11-17,0,0,0.002118539
2025-11-17,0,0,0.0028134447
2025-11-18,0,0,0.013599998
2025-11-18,1,0,0.06336337
2025-11-18,0,0,0.0768585
2025-11-19,0,0,0.24849227
2025-11-19,0,0,0.056291934
2025-11-19,0,0,0.021278467
2025-11-20,0,0,0.05929343
2025-11-20,0,0,0.047410827
2025-11-20,0,0,0.035431128
2025-11-21,1,0,0.13186862
2025-11-21,1,0,0.13707955
2025-11-21,1,0,0.17477451
2025-11-22,1,0,0.033678815
2025-11-22,1,0,0.07306497
2025-11-22,1,0,0.10373628
2025-11-23,1,0,0.013465393
2025-11-23,1,0,0.058316402
2025-11-23,1,0,0.05419117
2025-11-24,1,0,0.0063519366
2025-11-24,1,0,0.01628703
2025-11-24,1,0,0.029579764
2025-11-25,1,0,0.32210192
2025-11-25,1,0,0.34494343
2025-11-25,1,0,0.35913518
2025-11-26,1,0,0.094184026
2025-11-26,0,0,0.167796
2025-11-26,0,0,0.12560418
2025-11-27,1,0,0.09532859
2025-11-27,1,0,0.09534323
2025-11-27,1,0,0.07411506
2025-11-28,1,0,0.019548569
2025-11-28,1,0,0.054820865
2025-11-28,1,0,0.023420898
2025-11-29,0,0,0.0075171352
2025-11-29,0,0,0.009661995
2025-11-29,0,0,0.032451823
2025-11-30,0,0,0.010625528
2025-11-30,0,0,0.0051583014
2025-11-30,0,0,0.0018406302
2025-12-01,0,0,0.017019404
2025-12-01,0,0,0.014159992
2025-12-01,0,0,0.005951814
2025-12-02,0,0,0.0029144443
2025-12-02,0,0,0.0052719284
2025-12-02,0,0,0.0013049167
2025-12-03,0,0,0.0014953079
2025-12-03,0,0,0.009673938
2025-12-03,0,0,0.0017442609
2025-12-04,0,0,0.0012005315
2025-12-04,0,0,0.008934564
2025-12-04,0,0,0.0015358084
2025-12-05,0,0,0.0075848
2025-12-05,0,0,0.009332902
2025-12-05,0,0,0.038999137
2025-12-06,0,0,0.026353914
2025-12-06,0,0,0.010288417
2025-12-06,0,0,0.00972425
2025-12-07,1,0,0.12938525
2025-12-07,0,0,0.017986845
2025-12-07,0,0,0.020126512
2025-12-08,0,0,0.0039704004
2025-12-08,0,0,0.023882115
2025-12-08,1,0,0.010442598
2025-12-09,0,0,0.041106693
2025-12-09,0,0,0.068400905
2025-12-09,0,0,0.07932392
2025-12-10,1,0,0.010897813
2025-12-10,1,0,0.017575039
2025-12-10,1,0,0.041974325
2025-12-11,0,0,0.08887028
2025-12-11,1,0,0.08477863
2025-12-11,1,0,0.059458237
2025-12-12,0,0,0.03454343
2025-12-12,0,0,0.02067086
2025-12-12,0,0,0.012790748
2025-12-13,0,0,0.008844592
2025-12-13,0,0,0.03898311
2025-12-13,0,0,0.00624649
2025-12-14,0,0,0.0081716655
2025-12-14,0,0,0.0049645836
2025-12-14,0,0,0.0013816864
2025-12-15,0,0,0.010151453
2025-12-15,0,0,0.0073480904
2025-12-15,0,0,0.006737142
2025-12-16,0,0,0.011527731
2025-12-16,0,0,0.063291445
2025-12-16,0,0,0.12216285
2025-12-17,0,0,0.0037248693
2025-12-17,0,0,0.05057281
2025-12-17,0,0,0.004612997
2025-12-18,0,0,0.006193709
2025-12-18,0,0,0.011236802
2025-12-18,0,0,0.038111076
2025-12-19,0,0,0.26242086
2025-12-19,0,0,0.037128977
2025-12-19,0,0,0.1169597
2025-12-20,0,0,0.0067954105
2025-12-20,0,0,0.024189027
2025-12-20,0,0,0.008159829
2025-12-21,0,0,0.0058300253
2025-12-21,0,0,0.06637369
2025-12-21,0,0,0.006856874
2025-12-22,0,0,0.034187056
2025-12-22,0,0,0.03166553
2025-12-22,0,0,0.10590654
2025-12-23,0,0,0.008521417
2025-12-23,0,0,0.0013636118
2025-12-23,0,0,0.008953961
2025-12-24,0,0,0.024128672
2025-12-24,0,0,0.086661845
2025-12-24,0,0,0.01651905
2025-12-25,0,0,0.008782707
2025-12-25,0,0,0.4490577
2025-12-25,0,0,0.4019187
2025-12-26,0,0,0.021817466
2025-12-26,0,0,0.010189025
2025-12-26,0,0,0.028167414
2025-12-27,0,0,0.013340598
2025-12-27,0,0,0.005190299
2025-12-27,0,0,0.019612819
2025-12-28,0,0,0.0062884
2025-12-28,0,0,0.004729936
2025-12-28,0,0,0.0036981464
2025-12-29,0,0,0.0039858427
2025-12-29,0,0,0.007584104
2025-12-29,0,0,0.003029926
2025-12-30,0,0,0.010764081
2025-12-30,0,0,0.009593183
2025-12-30,0,0,0.004562097
2025-12-31,1,0,0.08453413
2025-12-31,1,0,0.0173721
2025-12-31,1,0,0.045445707
